اللعبة,الحد الأدنى - معالج,الحد الأدنى - ذاكرة,الحد الأدنى - كرت شاشة,الحد الأدنى - مساحة,الحد الأدنى - نظام,الموصى به - معالج,الموصى به - ذاكرة,الموصى به - كرت شاشة,الموصى به - مساحة,الموصى به - نظام,المصدر
Grand Theft Auto V,Intel Core 2 Quad CPU Q6600 2.40GHz,4 GB,NVIDIA 9800 GT 1GB,72 GB,Windows 10 64 Bit,Intel Core i5 3470 3.2GHz,8 GB,NVIDIA GTX 660 2GB,72 GB SSD,Windows 10 64 Bit,"technical.city, Steam Store, official game websites"
Cyberpunk 2077,Intel Core i5-3570K / AMD FX-8310,8 GB,NVIDIA GTX 970 / AMD Radeon RX 470,70 GB,Windows 10 64-bit,Intel Core i7-4790 / AMD Ryzen 3 3200G,12 GB,NVIDIA GTX 1060 6GB / AMD Radeon RX 570,70 GB SSD,Windows 10 64-bit,"technical.city, Steam Store, official game websites"
Red Dead Redemption 2,Intel Core i5-2500K / AMD FX-6300,8 GB,NVIDIA GTX 770 2GB / AMD Radeon R9 280 3GB,150 GB,Windows 10 64-bit,Intel Core i7-4770K / AMD Ryzen 5 1500X,12 GB,NVIDIA RTX 2060 / AMD RX 570,150 GB SSD,Windows 10 64-bit,"technical.city, Steam Store, official game websites"
Counter-Strike 2,Intel Core i5-750 / AMD Phenom II X4 965,8 GB,NVIDIA GTX 1050 / AMD Radeon HD 7950,85 GB,Windows 10 64-bit,Intel Core i7-9700K / AMD Ryzen 5 3600X,16 GB,NVIDIA RTX 3060 / AMD RX 6600 XT,85 GB SSD,Windows 10/11 64-bit,"technical.city, Steam Store, official game websites"
Fortnite,Intel Core i3-3225 / AMD FX-4350,4 GB,Intel HD 4000 / NVIDIA GTX 660,30 GB,Windows 10 64-bit,Intel Core i5-7300U / AMD Ryzen 3 3300U,8 GB,NVIDIA GTX 960 / AMD R9 280,30 GB SSD,Windows 10/11 64-bit,"technical.city, Steam Store, official game websites"
Minecraft,Intel Core i3-3210 / AMD A8-7600,2 GB,Intel HD Graphics 4000,4 GB,Windows 10,Intel Core i5-4690 / AMD A10-7800,4 GB,NVIDIA GTX 700 Series / AMD Radeon Rx 200,8 GB SSD,Windows 10/11,"technical.city, Steam Store, official game websites"
The Witcher 3: Wild Hunt,Intel CPU Core i5-2500K 3.3GHz,6 GB,NVIDIA GPU GeForce GTX 660,35 GB,Windows 7/8/8.1/10 64-bit,Intel CPU Core i7 3770 3.4 GHz,8 GB,NVIDIA GPU GeForce GTX 770,35 GB SSD,Windows 7/8/8.1/10 64-bit,"technical.city, Steam Store, official game websites"
Elden Ring,Intel Core i5-8400 / AMD Ryzen 3 3300X,12 GB,NVIDIA GTX 1060 3GB / AMD RX 580 4GB,60 GB,Windows 10 64-bit,Intel Core i7-8700K / AMD Ryzen 5 3600X,16 GB,NVIDIA GTX 1070 8GB / AMD RX VEGA 56 8GB,60 GB SSD,Windows 10/11 64-bit,"technical.city, Steam Store, official game websites"
Call of Duty: Modern Warfare II,Intel Core i3-6100 / AMD Ryzen 3 1200,8 GB,NVIDIA GTX 960 / AMD Radeon RX 470,125 GB,Windows 10 64-bit,Intel Core i5-6600K / AMD Ryzen 5 1400,12 GB,NVIDIA GTX 1060 / AMD Radeon RX 580,125 GB SSD,Windows 10/11 64-bit,"technical.city, Steam Store, official game websites"
Valorant,Intel Core 2 Duo E8400 / AMD Athlon 200GE,4 GB,Intel HD 3000,30 GB,Windows 10 64-bit,Intel Core i3-4150 / AMD Ryzen 3 1200,4 GB,NVIDIA GT 730 / AMD Radeon R7 240,30 GB SSD,Windows 10/11 64-bit,"technical.city, Steam Store, official game websites"
Apex Legends,Intel Core i3-6300 / AMD FX-4350,6 GB,NVIDIA GT 640 / AMD Radeon HD 7730,56 GB,Windows 10 64-bit,Intel Core i5-3570K / AMD Ryzen 5,8 GB,NVIDIA GTX 970 / AMD Radeon R9 290,56 GB SSD,Windows 10/11 64-bit,"technical.city, Steam Store, official game websites"
League of Legends,Intel Core i3-530 / AMD A6-3650,2 GB,NVIDIA GeForce 9600GT / AMD HD 6570,16 GB,Windows 10,Intel Core i5-3300 / AMD Ryzen 3 1200,4 GB,NVIDIA GeForce GTX 560 / AMD Radeon HD 6950,16 GB SSD,Windows 10/11,"technical.city, Steam Store, official game websites"
PUBG: Battlegrounds,Intel Core i5-4430 / AMD FX-6300,8 GB,NVIDIA GeForce GTX 960 2GB / AMD Radeon R7 370 2GB,40 GB,Windows 10 64-bit,Intel Core i5-6600K / AMD Ryzen 5 1600,16 GB,NVIDIA GeForce GTX 1060 3GB / AMD Radeon RX 580 4GB,40 GB SSD,Windows 10/11 64-bit,"technical.city, Steam Store, official game websites"
Rainbow Six Siege,Intel Core i3 560 3.3 GHz / AMD Phenom II X4 945 3.0 GHz,6 GB,NVIDIA GeForce GTX 460 / AMD Radeon HD 5870,61 GB,Windows 7/8/10 64-bit,Intel Core i5-2500K 3.3 GHz / AMD FX-8120 3.1 GHz,8 GB,NVIDIA GeForce GTX 670 / AMD Radeon HD 7970,61 GB SSD,Windows 7/8/10/11 64-bit,"technical.city, Steam Store, official game websites"
Overwatch 2,Intel Core i3 / AMD Phenom X3 8650,6 GB,NVIDIA GeForce GTX 600 series / AMD Radeon HD 7000 series,50 GB,Windows 10 64-bit,Intel Core i7 / AMD Ryzen 5,8 GB,NVIDIA GeForce GTX 1060 / AMD R9 380,50 GB SSD,Windows 10/11 64-bit,"technical.city, Steam Store, official game websites"
Rocket League,2.5 GHz Dual core,4 GB,NVIDIA GTX 260 / ATI Radeon HD 4850,20 GB,Windows 7 64-bit,3.0+ GHz Quad core,8 GB,NVIDIA GTX 660 / ATI Radeon HD 7950,20 GB SSD,Windows 10/11 64-bit,"technical.city, Steam Store, official game websites"
FIFA 23,Intel Core i5 6600K / AMD Ryzen 5 1600,8 GB,NVIDIA GTX 1050 Ti / AMD Radeon RX 570,100 GB,Windows 10 64-bit,Intel Core i7 6700 / AMD Ryzen 7 2700X,12 GB,NVIDIA GTX 1660 / AMD Radeon RX 5600 XT,100 GB SSD,Windows 10/11 64-bit,"technical.city, Steam Store, official game websites"
Assassin's Creed Valhalla,Intel Core i5-4460 / AMD Ryzen 3 1200,8 GB,NVIDIA GTX 960 / AMD R9 380,50 GB,Windows 10 64-bit,Intel Core i7-6700 / AMD Ryzen 5 1600,8 GB,NVIDIA GTX 1080 / AMD RX Vega 64,50 GB SSD,Windows 10/11 64-bit,"technical.city, Steam Store, official game websites"
God of War,Intel i5-2500k / AMD Ryzen 3 1200,8 GB,NVIDIA GTX 960 / AMD R9 290X,70 GB,Windows 10 64-bit,Intel i5-6600k / AMD Ryzen 5 2400 G,8 GB,NVIDIA GTX 1060 / AMD RX 570,70 GB SSD,Windows 10/11 64-bit,"technical.city, Steam Store, official game websites"
Spider-Man Remastered,Intel Core i3-4160 / AMD equivalent,8 GB,NVIDIA GTX 950 / AMD Radeon RX 470,75 GB,Windows 10 64-bit,Intel Core i5-4670 / AMD Ryzen 5 1600,16 GB,NVIDIA GTX 1060 6GB / AMD Radeon RX 580,75 GB SSD,Windows 10/11 64-bit,"technical.city, Steam Store, official game websites"
Horizon Zero Dawn,Intel Core i5-2500K 3.3GHz,8 GB,NVIDIA GTX 780 / AMD Radeon R9 290,100 GB,Windows 10 64-bit,Intel Core i7-4770K 3.4GHz / Ryzen 5 1500X,16 GB,NVIDIA GTX 1060 6GB / AMD Radeon RX 580,100 GB SSD,Windows 10/11 64-bit,"technical.city, Steam Store, official game websites"
Death Stranding,Intel Core i5-3470 / AMD Ryzen 3 1200,8 GB,NVIDIA GTX 1050 / AMD Radeon RX 560,80 GB,Windows 10 64-bit,Intel Core i5-4460 / AMD Ryzen 5 1400,8 GB,NVIDIA GTX 1050 Ti / AMD Radeon RX 570,80 GB SSD,Windows 10/11 64-bit,"technical.city, Steam Store, official game websites"
Resident Evil Village,Intel Core i5-7500 / AMD Ryzen 3 1200,8 GB,NVIDIA GTX 1050 Ti / AMD Radeon RX 560,45 GB,Windows 10 64-bit,Intel Core i7-8700 / AMD Ryzen 5 3600,16 GB,NVIDIA GTX 1070 / AMD Radeon RX 5700,45 GB SSD,Windows 10/11 64-bit,"technical.city, Steam Store, official game websites"
Doom Eternal,Intel Core i5 / AMD Ryzen 3,8 GB,NVIDIA GTX 1050Ti / AMD Radeon R9 280,80 GB,Windows 10 64-bit,Intel Core i7-6700K / AMD Ryzen 7 1800X,8 GB,NVIDIA GTX 1080 / AMD Radeon RX Vega 56,80 GB SSD,Windows 10/11 64-bit,"technical.city, Steam Store, official game websites"
Sekiro: Shadows Die Twice,Intel Core i3-2100 / AMD FX-6300,4 GB,NVIDIA GTX 760 / AMD Radeon HD 7950,25 GB,Windows 7/8/10 64-bit,Intel Core i5-2500K / AMD Ryzen 5 1400,8 GB,NVIDIA GTX 970 / AMD Radeon RX 570,25 GB SSD,Windows 7/8/10/11 64-bit,"technical.city, Steam Store, official game websites"
Dark Souls III,Intel Core i3-2100 / AMD FX-6300,4 GB,NVIDIA GeForce GTX 750 Ti / ATI Radeon HD 7950,25 GB,Windows 7 SP1 64bit,Intel Core i7-3770 / AMD FX-8350,8 GB,NVIDIA GeForce GTX 970 / ATI Radeon R9 series,25 GB SSD,Windows 7/8/10/11 64bit,"technical.city, Steam Store, official game websites"
Elden Ring Shadow of the Erdtree,Intel Core i5-8400 / AMD Ryzen 3 3300X,12 GB,NVIDIA GTX 1060 3GB / AMD RX 580 4GB,60 GB,Windows 10 64-bit,Intel Core i7-8700K / AMD Ryzen 5 3600X,16 GB,NVIDIA RTX 2070 / AMD RX 6700 XT,60 GB SSD,Windows 10/11 64-bit,"technical.city, Steam Store, official game websites"
Starfield,Intel Core i7-6800K / AMD Ryzen 5 2600X,16 GB,NVIDIA GeForce GTX 1070 Ti / AMD Radeon RX 5700,125 GB SSD,Windows 10 64-bit,Intel Core i7-9800X / AMD Ryzen 5 3600X,16 GB,NVIDIA RTX 2080 / AMD Radeon RX 6800 XT,125 GB SSD,Windows 10/11 64-bit,"technical.city, Steam Store, official game websites"
Baldur's Gate 3,Intel I5 4690 / AMD FX 4350,8 GB,NVIDIA GTX 970 / AMD RX 480,150 GB,Windows 10 64-bit,Intel i7 8700K / AMD r5 3600,16 GB,NVIDIA 2060 Super / AMD RX 5700,150 GB SSD,Windows 10/11 64-bit,"technical.city, Steam Store, official game websites"
Hogwarts Legacy,Intel Core i5-6600 / AMD Ryzen 5 1400,16 GB,NVIDIA GTX 960 4GB / AMD Radeon RX 470 4GB,85 GB,Windows 10 64-bit,Intel Core i7-8700 / AMD Ryzen 5 3600,16 GB,NVIDIA RTX 2080 Ti / AMD Radeon RX 6800,85 GB SSD,Windows 10/11 64-bit,"technical.city, Steam Store, official game websites"
Diablo IV,Intel Core i5-2500K / AMD FX-8350,8 GB,NVIDIA GTX 660 / AMD Radeon R9 280,90 GB,Windows 10 64-bit,Intel Core i5-4670K / AMD Ryzen 3 1300X,16 GB,NVIDIA GTX 970 / AMD Radeon RX 470,90 GB SSD,Windows 10/11 64-bit,"technical.city, Steam Store, official game websites"
Star Wars Jedi: Survivor,Intel Core i7-7700 / AMD Ryzen 5 1400,8 GB,NVIDIA GTX 1070 / AMD RX 580,155 GB,Windows 10 64-bit,Intel Core i5-11600K / AMD Ryzen 5 5600X,16 GB,NVIDIA RTX 2070 / AMD RX 6700 XT,155 GB SSD,Windows 10/11 64-bit,"technical.city, Steam Store, official game websites"
Final Fantasy XVI,Intel Core i5-8400 / AMD Ryzen 5 1600,16 GB,NVIDIA GTX 1060 6GB / AMD Radeon RX 5700,170 GB,Windows 10 64-bit,Intel Core i7-10700 / AMD Ryzen 7 5700X,16 GB,NVIDIA RTX 2080 / AMD Radeon RX 6700 XT,170 GB SSD,Windows 10/11 64-bit,"technical.city, Steam Store, official game websites"
Resident Evil 4 Remake,Intel Core i5-7500 / AMD Ryzen 3 1200,8 GB,NVIDIA GTX 1050 Ti / AMD Radeon RX 560,60 GB,Windows 10 64-bit,Intel Core i7-8700 / AMD Ryzen 5 3600,16 GB,NVIDIA GTX 1070 / AMD Radeon RX 5700,60 GB SSD,Windows 10/11 64-bit,"technical.city, Steam Store, official game websites"
Dead Space Remake,Intel Core i5-8600 / AMD Ryzen 5 2600X,16 GB,NVIDIA GTX 1070 / AMD RX 5700,50 GB,Windows 10 64-bit,Intel Core i5-11600K / AMD Ryzen 5 5600X,16 GB,NVIDIA RTX 2070 / AMD RX 6700 XT,50 GB SSD,Windows 10/11 64-bit,"technical.city, Steam Store, official game websites"
The Last of Us Part I,Intel Core i5-8400 / AMD Ryzen 5 1500X,16 GB,NVIDIA GTX 970 / AMD Radeon RX 570,100 GB,Windows 10 64-bit,Intel Core i7-8700 / AMD Ryzen 5 3600X,16 GB,NVIDIA RTX 2070 / AMD Radeon RX 6600 XT,100 GB SSD,Windows 10/11 64-bit,"technical.city, Steam Store, official game websites"
Uncharted 4: A Thief's End,Intel Core i5-4430 / AMD FX-6300,8 GB,NVIDIA GTX 960 / AMD Radeon R7 370,126 GB,Windows 10 64-bit,Intel Core i7-4770 / AMD Ryzen 5 1500X,16 GB,NVIDIA GTX 1060 / AMD Radeon RX 480,126 GB SSD,Windows 10/11 64-bit,"technical.city, Steam Store, official game websites"
Ghost of Tsushima,Intel Core i3-7100 / AMD Ryzen 3 1200,8 GB,NVIDIA GTX 960 / AMD Radeon RX 5500 XT,75 GB,Windows 10 64-bit,Intel Core i5-11400 / AMD Ryzen 5 3600,16 GB,NVIDIA RTX 2060 / AMD Radeon RX 5700,75 GB SSD,Windows 10/11 64-bit,"technical.city, Steam Store, official game websites"
Marvel's Spider-Man: Miles Morales,Intel Core i3-4160 / AMD equivalent,8 GB,NVIDIA GTX 950 / AMD Radeon RX 470,75 GB,Windows 10 64-bit,Intel Core i5-4670 / AMD Ryzen 5 1600,16 GB,NVIDIA GTX 1060 6GB / AMD Radeon RX 580,75 GB SSD,Windows 10/11 64-bit,"technical.city, Steam Store, official game websites"
Ratchet & Clank: Rift Apart,Intel Core i3-8100 / AMD Ryzen 3 3100,8 GB,NVIDIA GTX 960 / AMD Radeon RX 470,75 GB SSD,Windows 10 64-bit,Intel Core i5-8400 / AMD Ryzen 5 3600,16 GB,NVIDIA RTX 2060 / AMD Radeon RX 5700,75 GB SSD,Windows 10/11 64-bit,"technical.city, Steam Store, official game websites"
Returnal,Intel Core i5-6400 / AMD Ryzen 5 1500X,16 GB,NVIDIA GTX 1060 / AMD Radeon RX 580,60 GB,Windows 10 64-bit,Intel Core i7-8700 / AMD Ryzen 7 2700X,16 GB,NVIDIA RTX 2070 Super / AMD Radeon RX 6700 XT,60 GB SSD,Windows 10/11 64-bit,"technical.city, Steam Store, official game websites"
Days Gone,Intel Core i5-2500K / AMD FX-6300,8 GB,NVIDIA GTX 780 / AMD Radeon R9 290,70 GB,Windows 10 64-bit,Intel Core i7-4770K / AMD Ryzen 5 1500X,16 GB,NVIDIA GTX 1060 / AMD Radeon RX 580,70 GB SSD,Windows 10/11 64-bit,"technical.city, Steam Store, official game websites"
Detroit: Become Human,Intel Core i5-2400 / AMD FX-8100,4 GB,NVIDIA GTX 660 / AMD Radeon HD 7870,50 GB,Windows 10 64-bit,Intel Core i7-2700K / AMD Ryzen 7 1700,12 GB,NVIDIA GTX 780 / AMD Radeon HD 7950,50 GB SSD,Windows 10/11 64-bit,"technical.city, Steam Store, official game websites"
Beyond: Two Souls,Intel Core i5-2400S / AMD FX-8350,4 GB,NVIDIA GTX 660 / AMD Radeon HD 7870,43 GB,Windows 7 64-bit,Intel Core i7-2700K / AMD Ryzen 7 1700,8 GB,NVIDIA GTX 970 / AMD Radeon R9 290,43 GB SSD,Windows 7/8/10/11 64-bit,"technical.city, Steam Store, official game websites"
Heavy Rain,Intel Core i5-2400S / AMD FX-8350,4 GB,NVIDIA GTX 660 / AMD Radeon HD 7870,43 GB,Windows 7 64-bit,Intel Core i7-2700K / AMD Ryzen 7 1700,8 GB,NVIDIA GTX 970 / AMD Radeon R9 290,43 GB SSD,Windows 7/8/10/11 64-bit,"technical.city, Steam Store, official game websites"
Until Dawn,Intel Core i5-8400 / AMD Ryzen 5 1500X,8 GB,NVIDIA GTX 780 / AMD Radeon RX 470,70 GB,Windows 10 64-bit,Intel Core i7-8700 / AMD Ryzen 5 3600,16 GB,NVIDIA RTX 2060 / AMD Radeon RX 5700,70 GB SSD,Windows 10/11 64-bit,"technical.city, Steam Store, official game websites"
Bloodborne,Intel Core i5-8400 / AMD Ryzen 5 1500X,8 GB,NVIDIA GTX 1060 / AMD Radeon RX 570,60 GB,Windows 10 64-bit,Intel Core i7-8700K / AMD Ryzen 5 3600X,16 GB,NVIDIA RTX 2070 / AMD Radeon RX 6700 XT,60 GB SSD,Windows 10/11 64-bit,"technical.city, Steam Store, official game websites"
Demon's Souls,Intel Core i5-8400 / AMD Ryzen 5 1600,16 GB,NVIDIA GTX 1060 6GB / AMD Radeon RX 5700,50 GB,Windows 10 64-bit,Intel Core i7-8700K / AMD Ryzen 5 3600X,16 GB,NVIDIA RTX 2070 / AMD Radeon RX 6700 XT,50 GB SSD,Windows 10/11 64-bit,"technical.city, Steam Store, official game websites"
Gran Turismo 7,Intel Core i5-8600K / AMD Ryzen 5 2600X,16 GB,NVIDIA GTX 1070 / AMD Radeon RX 5700,110 GB,Windows 10 64-bit,Intel Core i7-9700K / AMD Ryzen 7 3700X,16 GB,NVIDIA RTX 3070 / AMD Radeon RX 6800,110 GB SSD,Windows 10/11 64-bit,"technical.city, Steam Store, official game websites"
MLB The Show 24,Intel Core i5-8400 / AMD Ryzen 5 1500X,8 GB,NVIDIA GTX 1060 / AMD Radeon RX 570,50 GB,Windows 10 64-bit,Intel Core i7-8700 / AMD Ryzen 5 3600,16 GB,NVIDIA RTX 2060 / AMD Radeon RX 5700,50 GB SSD,Windows 10/11 64-bit,"technical.city, Steam Store, official game websites"
The Order: 1886,Intel Core i5-2500K / AMD FX-8350,8 GB,NVIDIA GTX 760 / AMD Radeon R9 280X,50 GB,Windows 10 64-bit,Intel Core i7-4770K / AMD Ryzen 5 1600,16 GB,NVIDIA GTX 970 / AMD Radeon RX 480,50 GB SSD,Windows 10/11 64-bit,"technical.city, Steam Store, official game websites"
Infamous Second Son,Intel Core i5-2500K / AMD FX-8350,8 GB,NVIDIA GTX 760 / AMD Radeon R9 280X,45 GB,Windows 10 64-bit,Intel Core i7-4770K / AMD Ryzen 5 1600,16 GB,NVIDIA GTX 970 / AMD Radeon RX 480,45 GB SSD,Windows 10/11 64-bit,"technical.city, Steam Store, official game websites"
Killzone Shadow Fall,Intel Core i5-2500K / AMD FX-8350,8 GB,NVIDIA GTX 760 / AMD Radeon R9 280X,45 GB,Windows 10 64-bit,Intel Core i7-4770K / AMD Ryzen 5 1600,16 GB,NVIDIA GTX 970 / AMD Radeon RX 480,45 GB SSD,Windows 10/11 64-bit,"technical.city, Steam Store, official game websites"
LittleBigPlanet 3,Intel Core i3-4160 / AMD FX-6300,4 GB,NVIDIA GTX 750 Ti / AMD Radeon R7 260X,30 GB,Windows 10 64-bit,Intel Core i5-4460 / AMD Ryzen 5 1400,8 GB,NVIDIA GTX 960 / AMD Radeon RX 470,30 GB SSD,Windows 10/11 64-bit,"technical.city, Steam Store, official game websites"
Sackboy: A Big Adventure,Intel Core i5-6400 / AMD Ryzen 5 1500X,8 GB,NVIDIA GTX 960 / AMD Radeon RX 470,60 GB,Windows 10 64-bit,Intel Core i7-8700 / AMD Ryzen 5 3600,16 GB,NVIDIA GTX 1060 / AMD Radeon RX 580,60 GB SSD,Windows 10/11 64-bit,"technical.city, Steam Store, official game websites"
Astro Bot,Intel Core i3-8100 / AMD Ryzen 3 1200,8 GB,NVIDIA GTX 1050 Ti / AMD Radeon RX 560,40 GB,Windows 10 64-bit,Intel Core i5-8400 / AMD Ryzen 5 2600,8 GB,NVIDIA GTX 1060 / AMD Radeon RX 580,40 GB SSD,Windows 10/11 64-bit,"technical.city, Steam Store, official game websites"
Helldivers 2,Intel Core i7-4790K / AMD Ryzen 5 1500X,8 GB,NVIDIA GTX 1050 Ti / AMD Radeon RX 470,100 GB,Windows 10 64-bit,Intel Core i7-9700K / AMD Ryzen 7 3700X,16 GB,NVIDIA RTX 2060 / AMD Radeon RX 6600 XT,100 GB SSD,Windows 10/11 64-bit,"technical.city, Steam Store, official game websites"
Palworld,Intel Core i5-3570K / AMD Ryzen 5 1600,16 GB,NVIDIA GTX 1050 Ti / AMD Radeon RX 570,40 GB,Windows 10 64-bit,Intel Core i7-8700K / AMD Ryzen 5 3600X,32 GB,NVIDIA RTX 2070 / AMD Radeon RX 5700,40 GB SSD,Windows 10/11 64-bit,"technical.city, Steam Store, official game websites"
Enshrouded,Intel Core i5-6400 / AMD Ryzen 5 1500X,16 GB,NVIDIA GTX 1060 / AMD Radeon RX 580,60 GB,Windows 10 64-bit,Intel Core i7-8700 / AMD Ryzen 5 3600,24 GB,NVIDIA RTX 2070 Super / AMD Radeon RX 6700 XT,60 GB SSD,Windows 10/11 64-bit,"technical.city, Steam Store, official game websites"
Sons of the Forest,Intel Core i5-8400 / AMD Ryzen 3 3300X,12 GB,NVIDIA GTX 1060 3GB / AMD RX 570 4GB,20 GB,Windows 10 64-bit,Intel Core i7-8700K / AMD Ryzen 5 3600X,16 GB,NVIDIA RTX 2070 / AMD RX 6700 XT,20 GB SSD,Windows 10/11 64-bit,"technical.city, Steam Store, official game websites"
Lethal Company,Intel Core i5-7400 / AMD Ryzen 5 1400,8 GB,NVIDIA GTX 1050 Ti / AMD Radeon RX 570,5 GB,Windows 10 64-bit,Intel Core i7-9700K / AMD Ryzen 7 3700X,16 GB,NVIDIA RTX 2060 / AMD Radeon RX 6600,5 GB SSD,Windows 10/11 64-bit,"technical.city, Steam Store, official game websites"
Buckshot Roulette,Intel Core i3-4160 / AMD FX-6300,4 GB,NVIDIA GTX 750 Ti / AMD Radeon R7 260X,2 GB,Windows 10,Intel Core i5-4460 / AMD Ryzen 5 1400,8 GB,NVIDIA GTX 960 / AMD Radeon RX 470,2 GB SSD,Windows 10/11,"technical.city, Steam Store, official game websites"
Content Warning,Intel Core i3-4160 / AMD FX-6300,4 GB,Intel HD Graphics 530,5 GB,Windows 10,Intel Core i5-4460 / AMD Ryzen 5 1400,8 GB,NVIDIA GTX 960 / AMD Radeon RX 470,5 GB SSD,Windows 10/11,"technical.city, Steam Store, official game websites"
Abiotic Factor,Intel Core i5-2500K / AMD FX-6300,8 GB,NVIDIA GTX 760 / AMD Radeon R9 280,10 GB,Windows 10 64-bit,Intel Core i7-4770K / AMD Ryzen 5 1600,16 GB,NVIDIA GTX 1060 / AMD Radeon RX 580,10 GB SSD,Windows 10/11 64-bit,"technical.city, Steam Store, official game websites"
Gray Zone Warfare,Intel Core i5-8400 / AMD Ryzen 5 2600,16 GB,NVIDIA GTX 1060 6GB / AMD Radeon RX 580,50 GB,Windows 10 64-bit,Intel Core i7-9700K / AMD Ryzen 7 3700X,32 GB,NVIDIA RTX 3070 / AMD Radeon RX 6700 XT,50 GB SSD,Windows 10/11 64-bit,"technical.city, Steam Store, official game websites"
Arena Breakout: Infinite,Intel Core i5-7500 / AMD Ryzen 5 1400,16 GB,NVIDIA GTX 1060 5GB / AMD Radeon RX 580,60 GB,Windows 10 64-bit,Intel Core i7-9700 / AMD Ryzen 5 3600X,32 GB,NVIDIA RTX 2060 / AMD Radeon RX 5700,60 GB SSD,Windows 10/11 64-bit,"technical.city, Steam Store, official game websites"
Delta Force: Hawk Ops,Intel Core i5-6500 / AMD Ryzen 5 1500X,8 GB,NVIDIA GTX 960 / AMD Radeon R9 380,50 GB,Windows 10 64-bit,Intel Core i7-8700 / AMD Ryzen 5 3600,16 GB,NVIDIA GTX 1060 / AMD Radeon RX 580,50 GB SSD,Windows 10/11 64-bit,"technical.city, Steam Store, official game websites"
Marvel Rivals,Intel Core i5-6600K / AMD Ryzen 5 1600,16 GB,NVIDIA GTX 1060 / AMD Radeon RX 580,70 GB,Windows 10 64-bit,Intel Core i7-9700K / AMD Ryzen 7 3700X,16 GB,NVIDIA RTX 2060 Super / AMD Radeon RX 5700,70 GB SSD,Windows 10/11 64-bit,"technical.city, Steam Store, official game websites"
The First Descendant,Intel Core i5-3570 / AMD FX-8350,8 GB,NVIDIA GTX 1050 Ti / AMD Radeon RX 570,30 GB,Windows 10 64-bit,Intel Core i7-7700 / AMD Ryzen 5 2600,16 GB,NVIDIA RTX 2060 / AMD Radeon RX 5700,30 GB SSD,Windows 10/11 64-bit,"technical.city, Steam Store, official game websites"
Once Human,Intel Core i5-4460 / AMD Ryzen 3 1200,8 GB,NVIDIA GTX 750 Ti / AMD Radeon R7 260X,50 GB,Windows 10 64-bit,Intel Core i7-7700 / AMD Ryzen 5 1400,16 GB,NVIDIA GTX 1060 / AMD Radeon RX 580,50 GB SSD,Windows 10/11 64-bit,"technical.city, Steam Store, official game websites"
Zenless Zone Zero,Intel Core i5-4460 / AMD FX-6300,8 GB,NVIDIA GTX 970 / AMD Radeon R9 290,50 GB,Windows 10 64-bit,Intel Core i7-7700 / AMD Ryzen 5 1600,16 GB,NVIDIA GTX 1060 / AMD Radeon RX 580,50 GB SSD,Windows 10/11 64-bit,"technical.city, Steam Store, official game websites"
Wuthering Waves,Intel Core i5-6500 / AMD Ryzen 5 1400,8 GB,NVIDIA GTX 1060 / AMD Radeon RX 580,30 GB,Windows 10 64-bit,Intel Core i7-7700 / AMD Ryzen 5 2600,16 GB,NVIDIA RTX 2060 / AMD Radeon RX 5700,30 GB SSD,Windows 10/11 64-bit,"technical.city, Steam Store, official game websites"
Honkai: Star Rail,Intel Core i3-4160 / AMD FX-6350,6 GB,NVIDIA GTX 650 Ti / AMD R7 260,20 GB,Windows 10,Intel Core i7-8700 / AMD Ryzen 5 2600,8 GB,NVIDIA GTX 1060 / AMD Radeon RX 580,20 GB SSD,Windows 10/11,"technical.city, Steam Store, official game websites"
Genshin Impact,Intel Core i5 / AMD equivalent,8 GB,NVIDIA GT 1030 / AMD equivalent,30 GB,Windows 7 SP1 64-bit,Intel Core i7 / AMD equivalent,16 GB,NVIDIA GTX 1060 6GB / AMD equivalent,30 GB SSD,Windows 10/11 64-bit,"technical.city, Steam Store, official game websites"
Tower of Fantasy,Intel Core i5-6600K / AMD Ryzen 5 1500X,16 GB,NVIDIA GTX 1060 / AMD Radeon RX 580,30 GB,Windows 10 64-bit,Intel Core i7-8700 / AMD Ryzen 5 3600,16 GB,NVIDIA RTX 2060 / AMD Radeon RX 5700,30 GB SSD,Windows 10/11 64-bit,"technical.city, Steam Store, official game websites"
Punishing: Gray Raven,Intel Core i3-4160 / AMD FX-6300,4 GB,NVIDIA GTX 750 Ti / AMD Radeon R7 260X,10 GB,Windows 10,Intel Core i5-4460 / AMD Ryzen 5 1400,8 GB,NVIDIA GTX 960 / AMD Radeon RX 470,10 GB SSD,Windows 10/11,"technical.city, Steam Store, official game websites"
Blue Protocol,Intel Core i5-6500 / AMD Ryzen 5 1400,8 GB,NVIDIA GTX 760 / AMD Radeon R7 260X,40 GB,Windows 10 64-bit,Intel Core i7-7700 / AMD Ryzen 5 2600,16 GB,NVIDIA GTX 1060 / AMD Radeon RX 580,40 GB SSD,Windows 10/11 64-bit,"technical.city, Steam Store, official game websites"
Pocketpair,Intel Core i5-3570K / AMD FX-8350,8 GB,NVIDIA GTX 760 / AMD Radeon R9 280,20 GB,Windows 10 64-bit,Intel Core i7-4770K / AMD Ryzen 5 1600,16 GB,NVIDIA GTX 1060 / AMD Radeon RX 580,20 GB SSD,Windows 10/11 64-bit,"technical.city, Steam Store, official game websites"
Palia,Intel Core i3-4160 / AMD FX-6300,6 GB,NVIDIA GTX 660 / AMD Radeon HD 7870,10 GB,Windows 10,Intel Core i5-4460 / AMD Ryzen 5 1400,8 GB,NVIDIA GTX 960 / AMD Radeon RX 470,10 GB SSD,Windows 10/11,"technical.city, Steam Store, official game websites"
Disney Dreamlight Valley,Intel Core i3-4160 / AMD FX-6300,4 GB,NVIDIA GTX 660 / AMD Radeon HD 7870,10 GB,Windows 10,Intel Core i5-4460 / AMD Ryzen 5 1400,8 GB,NVIDIA GTX 960 / AMD Radeon RX 470,10 GB SSD,Windows 10/11,"technical.city, Steam Store, official game websites"
Coral Island,Intel Core i3-4160 / AMD FX-6300,4 GB,NVIDIA GTX 660 / AMD Radeon HD 7870,10 GB,Windows 10,Intel Core i5-4460 / AMD Ryzen 5 1400,8 GB,NVIDIA GTX 960 / AMD Radeon RX 470,10 GB SSD,Windows 10/11,"technical.city, Steam Store, official game websites"
Fae Farm,Intel Core i3-4160 / AMD FX-6300,4 GB,NVIDIA GTX 660 / AMD Radeon HD 7870,10 GB,Windows 10,Intel Core i5-4460 / AMD Ryzen 5 1400,8 GB,NVIDIA GTX 960 / AMD Radeon RX 470,10 GB SSD,Windows 10/11,"technical.city, Steam Store, official game websites"
My Time at Sandrock,Intel Core i3-4160 / AMD FX-6300,4 GB,NVIDIA GTX 660 / AMD Radeon HD 7870,10 GB,Windows 10,Intel Core i5-4460 / AMD Ryzen 5 1400,8 GB,NVIDIA GTX 960 / AMD Radeon RX 470,10 GB SSD,Windows 10/11,"technical.city, Steam Store, official game websites"
Stardew Valley,2 GHz Processor,2 GB,"256 MB Video Memory, Shader Model 3.0+",500 MB,Windows Vista,Intel Core i5 / AMD equivalent,4 GB,NVIDIA GTX 460 / AMD Radeon HD 6850,500 MB SSD,Windows 10/11,"technical.city, Steam Store, official game websites"
Terraria,1.6 GHz,512 MB,128 MB Video Memory,200 MB,Windows XP,2.0 GHz,4 GB,256 MB Video Memory,200 MB SSD,Windows 10/11,"technical.city, Steam Store, official game websites"
Starbound,Dual Core 2.0 GHz,2 GB,256 MB Video Memory,3 GB,Windows XP,Dual Core 3.0 GHz,4 GB,512 MB Video Memory,3 GB SSD,Windows 10/11,"technical.city, Steam Store, official game websites"
Don't Starve Together,1.7 GHz,1 GB,"256 MB Video Memory, Shader Model 3.0",750 MB,Windows Vista,1.7 GHz,4 GB,512 MB Video Memory,750 MB SSD,Windows 10/11,"technical.city, Steam Store, official game websites"
Oxygen Not Included,Dual Core 2.0 GHz,4 GB,Intel HD 4600,2 GB,Windows 7,Dual Core 3.0 GHz,8 GB,NVIDIA GTX 660 / AMD Radeon HD 7870,2 GB SSD,Windows 10/11,"technical.city, Steam Store, official game websites"
RimWorld,Core 2 Duo,4 GB,Intel HD Graphics 4000,1 GB,Windows 7,Core i5,8 GB,NVIDIA GTX 660 / AMD Radeon HD 7870,1 GB SSD,Windows 10/11,"technical.city, Steam Store, official game websites"
Factorio,Dual core 3Ghz+,4 GB,512MB Video Memory,3 GB,Windows 10,Quad core 3Ghz+,8 GB,2GB Video Memory,3 GB SSD,Windows 10/11,"technical.city, Steam Store, official game websites"
Satisfactory,i5-3570 3.4 GHz 4 Core,8 GB,NVIDIA GTX 770 2GB / AMD Radeon R9 280,20 GB,Windows 10 64-bit,i5-4670 3.4 GHz 4 Core,16 GB,NVIDIA GTX 1060 6GB / AMD RX 580,20 GB SSD,Windows 10/11 64-bit,"technical.city, Steam Store, official game websites"
Dyson Sphere Program,Intel Core i3-4160 / AMD FX-6300,4 GB,NVIDIA GTX 660 / AMD Radeon HD 7870,3 GB,Windows 7,Intel Core i5-4460 / AMD Ryzen 5 1400,8 GB,NVIDIA GTX 960 / AMD Radeon RX 470,3 GB SSD,Windows 10/11,"technical.city, Steam Store, official game websites"
Shapez,2 GHz Dual Core,4 GB,Intel HD Graphics 4000,300 MB,Windows 10,2 GHz Dual Core,8 GB,NVIDIA GTX 660 / AMD Radeon HD 7870,300 MB SSD,Windows 10/11,"technical.city, Steam Store, official game websites"
Mindustry,1.5 GHz,1 GB,Any,200 MB,Windows 7,2.0 GHz,2 GB,Any,200 MB SSD,Windows 10/11,"technical.city, Steam Store, official game websites"
Slay the Spire,2.0 GHz,4 GB,"256 MB Video Memory, OpenGL 2.0+",1 GB,Windows XP,2.2 GHz,8 GB,512 MB Video Memory,1 GB SSD,Windows 10/11,"technical.city, Steam Store, official game websites"
Hades,Dual Core 2.4 GHz,4 GB,1GB VRAM / DirectX 10+,15 GB,Windows 7 SP1,Dual Core 3.0 GHz,8 GB,2GB VRAM / DirectX 11+,15 GB SSD,Windows 10/11,"technical.city, Steam Store, official game websites"
Hades II,Dual Core 2.4 GHz,4 GB,1GB VRAM / DirectX 10+,15 GB,Windows 7 SP1,Dual Core 3.0 GHz,8 GB,2GB VRAM / DirectX 11+,15 GB SSD,Windows 10/11,"technical.city, Steam Store, official game websites"
Dead Cells,Intel Core i5+,2 GB,NVIDIA GTX 650 / AMD Radeon HD 6850,500 MB,Windows 7+,Intel Core i7+,4 GB,NVIDIA GTX 760 / AMD Radeon HD 7870,500 MB SSD,Windows 10/11,"technical.city, Steam Store, official game websites"
Hollow Knight,Intel Core 2 Duo E5200,4 GB,GeForce 9800GTX+ (1GB),9 GB,Windows 7,Intel Core i5,8 GB,GeForce GTX 560,9 GB SSD,Windows 10/11,"technical.city, Steam Store, official game websites"
Hollow Knight: Silksong,Intel Core i5-4460 / AMD FX-6300,8 GB,NVIDIA GTX 760 / AMD Radeon R9 280,10 GB,Windows 10,Intel Core i7-4770K / AMD Ryzen 5 1600,16 GB,NVIDIA GTX 1060 / AMD Radeon RX 580,10 GB SSD,Windows 10/11,"technical.city, Steam Store, official game websites"
Ori and the Blind Forest,Intel Core 2 Duo E4500 @ 2.2GHz / AMD Athlon 64 X2 5600+ @ 2.8 GHz,4 GB,NVIDIA GeForce 240 GT / AMD Radeon HD 6570,8 GB,Windows 7,Intel Core i5-2300 / AMD Phenom II X4 945,8 GB,NVIDIA GeForce GTX 550 Ti / AMD Radeon HD 6770,8 GB SSD,Windows 10/11,"technical.city, Steam Store, official game websites"
Ori and the Will of the Wisps,Intel Core i5-4460 / AMD FX-6300,8 GB,NVIDIA GTX 760 / AMD Radeon R7 260X,20 GB,Windows 10,Intel Core i7-4770K / AMD Ryzen 5 1600,16 GB,NVIDIA GTX 1060 / AMD Radeon RX 580,20 GB SSD,Windows 10/11,"technical.city, Steam Store, official game websites"
Celeste,Intel Core i3 M380,2 GB,Intel HD 4000,1200 MB,Windows 7,Intel Core i5-2300 / AMD FX-6300,4 GB,NVIDIA GTX 650 / AMD Radeon HD 6850,1200 MB SSD,Windows 10/11,"technical.city, Steam Store, official game websites"
Cuphead,"Intel Core2 Duo E8400, 3.0GHz / AMD Athlon 64 X2 6000+, 3.0GHz",3 GB,NVIDIA GeForce GTS 450 / ATI Radeon HD 3870,4 GB,Windows 7,Intel Core i5-4460 / AMD FX-6300,4 GB,NVIDIA GeForce GTX 660 / ATI Radeon HD 7870,4 GB SSD,Windows 10/11,"technical.city, Steam Store, official game websites"
Undertale,Core 2 Duo,2 GB,128 MB Video Memory,200 MB,Windows XP,Core i3,4 GB,256 MB Video Memory,200 MB SSD,Windows 10/11,"technical.city, Steam Store, official game websites"
Deltarune,Core 2 Duo,2 GB,128 MB Video Memory,200 MB,Windows XP,Core i3,4 GB,256 MB Video Memory,200 MB SSD,Windows 10/11,"technical.city, Steam Store, official game websites"
OneShot,Intel Core 2 Duo,2 GB,Intel HD Graphics 4000,500 MB,Windows XP,Intel Core i3,4 GB,NVIDIA GTX 650 / AMD Radeon HD 6850,500 MB SSD,Windows 10/11,"technical.city, Steam Store, official game websites"
Ib,Intel Core 2 Duo,2 GB,Intel HD Graphics 4000,500 MB,Windows 7,Intel Core i3,4 GB,NVIDIA GTX 650 / AMD Radeon HD 6850,500 MB SSD,Windows 10/11,"technical.city, Steam Store, official game websites"
Mad Father,Intel Core 2 Duo,2 GB,Intel HD Graphics 4000,500 MB,Windows 7,Intel Core i3,4 GB,NVIDIA GTX 650 / AMD Radeon HD 6850,500 MB SSD,Windows 10/11,"technical.city, Steam Store, official game websites"
Corpse Party,Intel Core 2 Duo,2 GB,Intel HD Graphics 4000,500 MB,Windows 7,Intel Core i3,4 GB,NVIDIA GTX 650 / AMD Radeon HD 6850,500 MB SSD,Windows 10/11,"technical.city, Steam Store, official game websites"
Ao Oni,Intel Core 2 Duo,2 GB,Intel HD Graphics 4000,500 MB,Windows 7,Intel Core i3,4 GB,NVIDIA GTX 650 / AMD Radeon HD 6850,500 MB SSD,Windows 10/11,"technical.city, Steam Store, official game websites"
The Witch's House,Intel Core 2 Duo,2 GB,Intel HD Graphics 4000,500 MB,Windows 7,Intel Core i3,4 GB,NVIDIA GTX 650 / AMD Radeon HD 6850,500 MB SSD,Windows 10/11,"technical.city, Steam Store, official game websites"
Misao,Intel Core 2 Duo,2 GB,Intel HD Graphics 4000,500 MB,Windows 7,Intel Core i3,4 GB,NVIDIA GTX 650 / AMD Radeon HD 6850,500 MB SSD,Windows 10/11,"technical.city, Steam Store, official game websites"
Pocket Mirror,Intel Core 2 Duo,2 GB,Intel HD Graphics 4000,500 MB,Windows 7,Intel Core i3,4 GB,NVIDIA GTX 650 / AMD Radeon HD 6850,500 MB SSD,Windows 10/11,"technical.city, Steam Store, official game websites"
Little Red Lie,Intel Core 2 Duo,2 GB,Intel HD Graphics 4000,500 MB,Windows 7,Intel Core i3,4 GB,NVIDIA GTX 650 / AMD Radeon HD 6850,500 MB SSD,Windows 10/11,"technical.city, Steam Store, official game websites"
Lisa: The Painful,Intel Core 2 Duo,2 GB,Intel HD Graphics 4000,500 MB,Windows 7,Intel Core i3,4 GB,NVIDIA GTX 650 / AMD Radeon HD 6850,500 MB SSD,Windows 10/11,"technical.city, Steam Store, official game websites"
OFF,Intel Core 2 Duo,2 GB,Intel HD Graphics 4000,500 MB,Windows 7,Intel Core i3,4 GB,NVIDIA GTX 650 / AMD Radeon HD 6850,500 MB SSD,Windows 10/11,"technical.city, Steam Store, official game websites"
Yume Nikki,Intel Core 2 Duo,2 GB,Intel HD Graphics 4000,500 MB,Windows 7,Intel Core i3,4 GB,NVIDIA GTX 650 / AMD Radeon HD 6850,500 MB SSD,Windows 10/11,"technical.city, Steam Store, official game websites"
.flow,Intel Core 2 Duo,2 GB,Intel HD Graphics 4000,500 MB,Windows 7,Intel Core i3,4 GB,NVIDIA GTX 650 / AMD Radeon HD 6850,500 MB SSD,Windows 10/11,"technical.city, Steam Store, official game websites"
2kki,Intel Core 2 Duo,2 GB,Intel HD Graphics 4000,500 MB,Windows 7,Intel Core i3,4 GB,NVIDIA GTX 650 / AMD Radeon HD 6850,500 MB SSD,Windows 10/11,"technical.city, Steam Store, official game websites"
Bioshock Infinite,Intel Core 2 DUO 2.4 GHz / AMD Athlon X2 2.7 GHz,2 GB,NVIDIA 8800 GT / AMD Radeon HD 3870,20 GB,Windows Vista SP2,Quad Core Processor,4 GB,NVIDIA GTX 560 / AMD Radeon HD 6950,20 GB SSD,Windows 7/8/10,"technical.city, Steam Store, official game websites"
Bioshock Remastered,Intel Core 2 DUO 2.4 GHz / AMD Athlon X2 2.7 GHz,4 GB,NVIDIA 8800 GT / AMD Radeon HD 3870,25 GB,Windows 7,Intel Core i5-760 / AMD Phenom II X4,8 GB,NVIDIA GTX 670 / AMD Radeon HD 7970,25 GB SSD,Windows 10,"technical.city, Steam Store, official game websites"
Bioshock 2 Remastered,Intel Core 2 DUO 2.4 GHz / AMD Athlon X2 2.7 GHz,4 GB,NVIDIA 8800 GT / AMD Radeon HD 3870,25 GB,Windows 7,Intel Core i5-760 / AMD Phenom II X4,8 GB,NVIDIA GTX 670 / AMD Radeon HD 7970,25 GB SSD,Windows 10,"technical.city, Steam Store, official game websites"
Bioshock Infinite Remastered,Intel Core 2 DUO 2.4 GHz / AMD Athlon X2 2.7 GHz,4 GB,NVIDIA 8800 GT / AMD Radeon HD 3870,45 GB,Windows 7,Intel Core i5-760 / AMD Phenom II X4,8 GB,NVIDIA GTX 670 / AMD Radeon HD 7970,45 GB SSD,Windows 10,"technical.city, Steam Store, official game websites"
Borderlands 3,AMD FX-8350 / Intel i5-3570,6 GB,AMD Radeon HD 7970 / NVIDIA GeForce GTX 680 2GB,75 GB,Windows 7/8/10,AMD Ryzen 5 2600 / Intel i7-4770,16 GB,AMD Radeon RX 590 / NVIDIA GeForce GTX 1060 6GB,75 GB SSD,Windows 10,"technical.city, Steam Store, official game websites"
Borderlands 2,2.4 GHz Dual Core Processor,2 GB,NVIDIA GeForce 8500 / ATI Radeon HD 2600,13 GB,Windows XP SP3,2.3 GHz Quad Core Processor,4 GB,NVIDIA GeForce GTX 560 / ATI Radeon HD 5850,13 GB SSD,Windows 10,"technical.city, Steam Store, official game websites"
Tales from the Borderlands,Core 2 Duo 2GHz+,3 GB,ATI or NVIDIA card w/512 MB RAM,3 GB,Windows XP SP3,Core 2 Duo 2GHz+,4 GB,ATI or NVIDIA card w/1 GB RAM,3 GB SSD,Windows 10,"technical.city, Steam Store, official game websites"
Tiny Tina's Wonderlands,AMD FX-8350 / Intel i5-3570,6 GB,AMD Radeon HD 7970 / NVIDIA GeForce GTX 680 2GB,75 GB,Windows 10,AMD Ryzen 5 2600 / Intel i7-4770,16 GB,AMD Radeon RX 590 / NVIDIA GeForce GTX 1060 6GB,75 GB SSD,Windows 10/11,"technical.city, Steam Store, official game websites"
Dishonored,3.0 GHz dual core or better,4 GB,NVIDIA GeForce GTX 460 / AMD Radeon HD 5850,9 GB,Windows Vista / Windows 7,2.4 GHz quad core or better,8 GB,NVIDIA GeForce GTX 660 / AMD Radeon HD 7950,9 GB SSD,Windows 10,"technical.city, Steam Store, official game websites"
Dishonored 2,Intel Core i5-2400/AMD FX-8320 or better,8 GB,NVIDIA GeForce GTX 660 2GB/AMD Radeon HD 7970 3GB or better,60 GB,Windows 7/8/10,Intel Core i7-4770/AMD FX-8350 or better,16 GB,NVIDIA GeForce GTX 1060 6GB/AMD Radeon RX 480 8GB or better,60 GB SSD,Windows 10,"technical.city, Steam Store, official game websites"
Dishonored: Death of the Outsider,Intel Core i5-2400 / AMD FX-8320,8 GB,NVIDIA GTX 660 / AMD Radeon HD 7970,32 GB,Windows 7/8/10,Intel Core i7-4770 / AMD FX-8350,16 GB,NVIDIA GTX 1060 / AMD Radeon RX 480,32 GB SSD,Windows 10,"technical.city, Steam Store, official game websites"
Prey (2017),"Intel i5-2400, AMD FX-8320",8 GB,"GTX 660 2GB, AMD Radeon 7850 2GB",20 GB,Windows 7/8/10,"Intel i7-2600K, AMD FX-8350",16 GB,"GTX 970 4GB, AMD Radeon R9 290 4GB",20 GB SSD,Windows 10,"technical.city, Steam Store, official game websites"
Wolfenstein: The New Order,Intel Core i7 or equivalent AMD,4 GB,"GeForce 460, ATI Radeon HD 6850",50 GB,Windows 7/8,Intel Core i7 or equivalent AMD,8 GB,NVIDIA GeForce GTX 560 / ATI Radeon HD 6950,50 GB SSD,Windows 10,"technical.city, Steam Store, official game websites"
Wolfenstein II: The New Colossus,AMD FX-8350 / Intel Core i5-3570,8 GB,NVIDIA GTX 770 4GB / AMD Radeon R9 290 4GB,55 GB,Windows 7/8/10,AMD FX-9370 / Intel Core i7-4770,16 GB,NVIDIA GTX 1060 6GB / AMD Radeon RX 480 8GB,55 GB SSD,Windows 10,"technical.city, Steam Store, official game websites"
Wolfenstein: Youngblood,AMD FX-8350 / Intel Core i5-3570,8 GB,NVIDIA GTX 770 4GB / AMD Radeon R9 290 4GB,40 GB,Windows 7/8/10,AMD Ryzen 5 1600X / Intel Core i7-4770,16 GB,NVIDIA GTX 1060 6GB / AMD Radeon RX 480 8GB,40 GB SSD,Windows 10,"technical.city, Steam Store, official game websites"
DOOM (2016),Intel Core i5-2400 / AMD FX-8320,8 GB,NVIDIA GTX 670 2GB / AMD Radeon HD 7870 2GB,50 GB,Windows 7/8.1/10,Intel Core i7-3770 / AMD FX-8350,8 GB,NVIDIA GTX 970 4GB / AMD Radeon R9 290 4GB,50 GB SSD,Windows 10,"technical.city, Steam Store, official game websites"
DOOM Eternal,Intel Core i5 / AMD Ryzen 3,8 GB,NVIDIA GTX 1050Ti / AMD Radeon R9 280,80 GB,Windows 7/8.1/10,Intel Core i7-6700K / AMD Ryzen 7 1800X,8 GB,NVIDIA GTX 1080 / AMD Radeon RX Vega 56,80 GB SSD,Windows 10,"technical.city, Steam Store, official game websites"
Quake Champions,Intel Core i5-2400 / AMD FX-8320,8 GB,NVIDIA GTX 660 / AMD Radeon HD 7870,20 GB,Windows 7/8/10,Intel Core i7-4770K / AMD Ryzen 5 1600,16 GB,NVIDIA GTX 1060 / AMD Radeon RX 580,20 GB SSD,Windows 10,"technical.city, Steam Store, official game websites"
Rage 2,Intel Core i5-3570 / AMD Ryzen 3 1300X,8 GB,NVIDIA GTX 780 3GB / AMD Radeon R9 280 3GB,50 GB,Windows 7/8.1/10,Intel Core i7-4770 / AMD Ryzen 5 1600X,16 GB,NVIDIA GTX 1070 / AMD Radeon RX Vega 56,50 GB SSD,Windows 10,"technical.city, Steam Store, official game websites"
The Evil Within,i7 or an equivalent with four plus core processor,4 GB,GTX 460 or equivalent 1 GB VRAM card,50 GB,Windows 7/8,i7 with four plus cores,8 GB,GTX 670 or equivalent with 4GBs of VRAM,50 GB SSD,Windows 10,"technical.city, Steam Store, official game websites"
The Evil Within 2,Intel Core i5-2400 / AMD FX-8320 or better,8 GB,NVIDIA GTX 660 2GB / AMD HD 7970 3GB,40 GB,Windows 7/8.1/10,Intel Core i7-4770 / AMD Ryzen 5 1600X or better,16 GB,NVIDIA GTX 1060 6GB / AMD RX 480 8GB,40 GB SSD,Windows 10,"technical.city, Steam Store, official game websites"
Ghostwire: Tokyo,CORE I7 4770K @ 3.5GHZ OR AMD RYZEN 5 1600,12 GB,NVIDIA GTX 1060 OR AMD RX 5500 XT (VRAM 6 GB OR HIGHER),20 GB,Windows 10 64-bit,CORE I7 6700 @ 3.4GHZ OR AMD RYZEN 5 2600,16 GB,NVIDIA GTX 1080 OR AMD RX 5600 XT (VRAM 6 GB OR HIGHER),20 GB SSD,Windows 10/11 64-bit,"technical.city, Steam Store, official game websites"
Hi-Fi Rush,Intel Core i5-6500 / AMD Ryzen 3 1200,8 GB,NVIDIA GTX 1050 Ti / AMD Radeon RX 570,20 GB,Windows 10 64-bit,Intel Core i7-6700 / AMD Ryzen 5 1500X,16 GB,NVIDIA GTX 1660 Ti / AMD Radeon RX 6600,20 GB SSD,Windows 10/11 64-bit,"technical.city, Steam Store, official game websites"
Deathloop,Intel Core i5-8400 / AMD Ryzen 5 1600,12 GB,NVIDIA GTX 1060 6GB / AMD Radeon RX 580,30 GB,Windows 10 64-bit,Intel Core i7-9700K / AMD Ryzen 7 2700X,16 GB,NVIDIA RTX 2060 / AMD Radeon RX 5700,30 GB SSD,Windows 10/11 64-bit,"technical.city, Steam Store, official game websites"
Redfall,Intel Core i5-8400 / AMD Ryzen 5 1600,16 GB,NVIDIA GTX 1070 8GB / AMD Radeon RX 580,100 GB,Windows 10 64-bit,Intel Core i7-9700K / AMD Ryzen 7 2700X,32 GB,NVIDIA RTX 2080 / AMD Radeon RX 6800,100 GB SSD,Windows 10/11 64-bit,"technical.city, Steam Store, official game websites"
Fallout 4,Intel Core i5-2300 2.8 GHz/AMD Phenom II X4 945 3.0 GHz,8 GB,NVIDIA GTX 550 Ti 2GB/AMD Radeon HD 7870 2GB,30 GB,Windows 7/8/10,Intel Core i7 4790 3.6 GHz/AMD FX-9590 4.7 GHz,8 GB,NVIDIA GTX 780 3GB/AMD Radeon R9 290X 4GB,30 GB SSD,Windows 10,"technical.city, Steam Store, official game websites"
Fallout 76,Intel Core i5-6600k 3.5 GHz / AMD Ryzen 3 1300X 3.5 GHz,8 GB,NVIDIA GTX 780 3GB / AMD Radeon R9 285 2GB,80 GB,Windows 7/8.1/10,Intel Core i7-4790 3.6 GHz / AMD Ryzen 5 1500X 3.5 GHz,8 GB,NVIDIA GTX 970 4GB / AMD Radeon R9 290X 4GB,80 GB SSD,Windows 10,"technical.city, Steam Store, official game websites"
Fallout: New Vegas,Dual Core 2.0 GHz,2 GB,NVIDIA GeForce 6800 / ATI Radeon x1300,10 GB,Windows 7/Vista/XP,Intel Core 2 Duo / AMD equivalent,4 GB,NVIDIA GTX 260 / ATI Radeon HD 4870,10 GB SSD,Windows 10,"technical.city, Steam Store, official game websites"
Fallout 3,2.4 GHz Intel Pentium 4 / AMD equivalent,1 GB,NVIDIA GeForce 6800 / ATI Radeon x1300,7 GB,Windows XP/Vista,Intel Core 2 Duo / AMD equivalent,2 GB,NVIDIA GTX 260 / ATI Radeon HD 4870,7 GB SSD,Windows 10,"technical.city, Steam Store, official game websites"
The Elder Scrolls V: Skyrim,Dual Core 2.0 GHz,2 GB,NVIDIA GeForce 7600 GS / ATI Radeon X1950 Pro,6 GB,Windows 7/Vista/XP,Quad-core Intel/AMD CPU,4 GB,NVIDIA GTX 260 / ATI Radeon HD 4890,6 GB SSD,Windows 10,"technical.city, Steam Store, official game websites"
The Elder Scrolls V: Skyrim Special Edition,Intel i5-750/AMD Phenom II X4-945,8 GB,NVIDIA GTX 470 1GB /AMD HD 7870 2GB,12 GB,Windows 7/8.1/10,Intel i5-2400/AMD FX-8320,8 GB,NVIDIA GTX 780 3GB /AMD R9 290 4GB,12 GB SSD,Windows 10,"technical.city, Steam Store, official game websites"
The Elder Scrolls Online,Intel Core i3-540 / AMD A6-3620,3 GB,NVIDIA GeForce 460 / AMD Radeon 6850,85 GB,Windows 7/8/10,Intel Core i5-2500K / AMD FX-8320,8 GB,NVIDIA GeForce GTX 750 / AMD Radeon HD 7850,85 GB SSD,Windows 10,"technical.city, Steam Store, official game websites"
Starfield,Intel Core i7-6800K / AMD Ryzen 5 2600X,16 GB,NVIDIA GeForce GTX 1070 Ti / AMD Radeon RX 5700,125 GB SSD,Windows 10 64-bit,Intel Core i7-9800X / AMD Ryzen 5 3600X,16 GB,NVIDIA RTX 2080 / AMD Radeon RX 6800 XT,125 GB SSD,Windows 10/11 64-bit,"technical.city, Steam Store, official game websites"
Mass Effect Legendary Edition,Intel Core i5 3570 / AMD FX-8350,8 GB,"NVIDIA GTX 760, AMD Radeon 7970 / R9280X",120 GB,Windows 10,Intel Core i7-7700 / AMD Ryzen 7 3700X,16 GB,"NVIDIA GTX 1070 / RTX 2060, AMD Radeon Vega 56",120 GB SSD,Windows 10,"technical.city, Steam Store, official game websites"
Mass Effect: Andromeda,Intel Core i5 3570 / AMD FX-6350,8 GB,"NVIDIA GTX 660 2GB, AMD Radeon 7850 2GB",55 GB,Windows 7/8.1/10,Intel Core i7-4790 / AMD FX-8350,16 GB,"NVIDIA GTX 1060 3GB, AMD RX 480",55 GB SSD,Windows 10,"technical.city, Steam Store, official game websites"
Dragon Age: Inquisition,AMD quad core CPU @ 2.5 GHz / Intel quad core CPU @ 2.0 GHz,4 GB,Radeon HD 4870 / GeForce 8800 GT,26 GB,Windows 7/8.1,AMD six core CPU @ 3.2 GHz / Intel quad core CPU @ 3.0 GHz,8 GB,Radeon HD 7870 R9 270 / GeForce GTX 660,26 GB SSD,Windows 10,"technical.city, Steam Store, official game websites"
Dragon Age II,Intel Core 2 Duo 1.8 GHz / AMD Athlon 64 X2 1.8 GHz,1 GB,Radeon HD 2600 Pro / NVIDIA GeForce 7900 GS,7 GB,Windows XP/Vista/7,Intel Core 2 Quad 2.4 GHz / AMD Phenom II X3 Triple core 2.8 GHz,2 GB,ATI 3850 / NVIDIA 8800GTS,7 GB SSD,Windows 10,"technical.city, Steam Store, official game websites"
Dragon Age: Origins,Intel Core 2 Single 1.6 Ghz Processor,1 GB,ATI Radeon X850 256MB / NVIDIA GeForce 6600 GT,20 GB,Windows XP,Intel Core 2 Duo 2.4 Ghz Processor,2 GB,ATI Radeon HD 3850 512MB / NVIDIA GeForce 8800GTS 512MB,20 GB SSD,Windows 10,"technical.city, Steam Store, official game websites"
Anthem,Intel Core i5-3570 / AMD FX-6350,8 GB,NVIDIA GTX 760 / AMD Radeon 7970 / R9 280X,50 GB,Windows 10,Intel Core i7-4790 3.6GHz / AMD Ryzen 3 1300X,16 GB,NVIDIA GTX 1060 / RTX 2060 / AMD RX 480,50 GB SSD,Windows 10,"technical.city, Steam Store, official game websites"
Battlefield 2042,Intel Core i5 6600K / AMD Ryzen 5 3600,8 GB,NVIDIA GeForce GTX 1050 Ti / AMD Radeon RX 560,100 GB,Windows 10 64-bit,Intel Core i7 4790 / AMD Ryzen 7 2700X,16 GB,NVIDIA GeForce RTX 3060 / AMD Radeon RX 6600 XT,100 GB SSD,Windows 10/11 64-bit,"technical.city, Steam Store, official game websites"
Battlefield V,Intel Core i5 6600K / AMD FX-8350,8 GB,NVIDIA GeForce GTX 1050 / NVIDIA GeForce GTX 660 2GB,50 GB,Windows 10,Intel Core i7 4790 / AMD Ryzen 3 1300X,12 GB,NVIDIA GeForce GTX 1060 6GB / AMD Radeon RX 580 8GB,50 GB SSD,Windows 10,"technical.city, Steam Store, official game websites"
Battlefield 1,Intel Core i5 6600K / AMD FX-6350,8 GB,NVIDIA GeForce GTX 660 2GB / AMD Radeon HD 7850 2GB,50 GB,Windows 7/8.1/10,Intel Core i7 4790 / AMD FX-8350,16 GB,NVIDIA GeForce GTX 1060 3GB / AMD Radeon RX 480 4GB,50 GB SSD,Windows 10,"technical.city, Steam Store, official game websites"
Battlefield 4,Intel Core 2 Duo 2.4 GHz / AMD Athlon X2 2.8 GHz,4 GB,AMD Radeon HD 3870 / NVIDIA GeForce 8800 GT,30 GB,Windows Vista SP2,Intel Quad-Core CPU / AMD Six-Core CPU,8 GB,AMD Radeon HD 7870 / NVIDIA GeForce GTX 660,30 GB SSD,Windows 10,"technical.city, Steam Store, official game websites"
Battlefield 3,2 GHz Dual Core (Core 2 Duo 2.4 GHz or Athlon X2 2.7 GHz),2 GB,AMD DirectX 10.1 compatible or NVIDIA DirectX 10.0 compatible,20 GB,Windows Vista,Quad-core CPU,4 GB,AMD DirectX 11 compatible or NVIDIA DirectX 11 compatible,20 GB SSD,Windows 10,"technical.city, Steam Store, official game websites"
Battlefield: Bad Company 2,Intel Core 2 Duo / AMD Athlon X2,2 GB,NVIDIA GeForce 7800 GT / ATI Radeon X1900,15 GB,Windows XP,Intel Core 2 Quad / AMD Phenom X4,4 GB,NVIDIA GeForce GTX 260 / ATI Radeon HD 4870,15 GB SSD,Windows 10,"technical.city, Steam Store, official game websites"
Battlefield: Hardline,Intel Core i3/i5 2.4 GHz / AMD Athlon II/Phenom II 2.8 GHz,4 GB,ATI Radeon HD 5770 / NVIDIA GeForce GTX 260,60 GB,Windows Vista SP2,Intel Quad-Core CPU / AMD Six-Core CPU,8 GB,AMD Radeon HD 7870 / NVIDIA GeForce GTX 660,60 GB SSD,Windows 10,"technical.city, Steam Store, official game websites"
Need for Speed Heat,Intel Core i5-3570 / AMD FX-6350,8 GB,NVIDIA GeForce GTX 760 / AMD Radeon 7970 / R9 280x,50 GB,Windows 10,Intel Core i7-4790 / AMD Ryzen 3 1300X,16 GB,NVIDIA GeForce GTX 1060 / RTX 2060 / AMD RX 480,50 GB SSD,Windows 10,"technical.city, Steam Store, official game websites"
Need for Speed Unbound,Intel Core i5-8600 / AMD Ryzen 5 2600,8 GB,NVIDIA GTX 1050 Ti / AMD Radeon RX 570,50 GB,Windows 10,Intel Core i7-9700K / AMD Ryzen 5 3600,16 GB,NVIDIA RTX 2070 / AMD Radeon RX 5700,50 GB SSD,Windows 10/11,"technical.city, Steam Store, official game websites"
Need for Speed Payback,Intel i3 6300 @ 3.8GHz or AMD FX 8150 @ 3.6GHz,6 GB,NVIDIA GeForce GTX 750 Ti / AMD Radeon HD 7850,30 GB,Windows 7/8/10,Intel i5 4690K @ 3.5GHz or AMD FX 8350 @ 4.0GHz,8 GB,AMD Radeon RX 480 4GB / NVIDIA GeForce GTX 1060 6GB,30 GB SSD,Windows 10,"technical.city, Steam Store, official game websites"
Need for Speed (2016),Intel Core i3-4130 / AMD FX-6350,6 GB,NVIDIA GeForce GTX 750 Ti / AMD Radeon HD 7850,30 GB,Windows 7/8/10,Intel Core i5-4690 / AMD FX-8350,8 GB,NVIDIA GeForce GTX 970 / AMD Radeon R9 290,30 GB SSD,Windows 10,"technical.city, Steam Store, official game websites"
Need for Speed Rivals,Intel 2.4 GHz Core 2 Duo / AMD 2.6 GHz Athlon X2,4 GB,NVIDIA GeForce 8800 GT / ATI Radeon HD 3870,30 GB,Windows Vista/7/8,Intel Quad Core CPU / AMD Six Core CPU,8 GB,AMD Radeon HD 7870 / NVIDIA GeForce GTX 660,30 GB SSD,Windows 10,"technical.city, Steam Store, official game websites"
Need for Speed: Most Wanted (2012),2 GHz Dual Core (Core 2 Duo 2.4 GHZ or Althon X2 2.7 GHz),2 GB,DirectX 10.1 compatible with 512 MB RAM,20 GB,Windows Vista (Service Pack 2),Quad Core CPU,4 GB,DirectX 11 compatible with 1024 MB RAM,20 GB SSD,Windows 10,"technical.city, Steam Store, official game websites"
Need for Speed: Hot Pursuit Remastered,Intel Core i3-2120 / AMD Phenom II X4 965,4 GB,NVIDIA GTX 260 / ATI Radeon HD 4870,45 GB,Windows 10,Intel Core i5-3570K / AMD FX-8150,8 GB,NVIDIA GTX 660 / AMD Radeon HD 7870,45 GB SSD,Windows 10,"technical.city, Steam Store, official game websites"
Burnout Paradise Remastered,Intel Core i3-2120 / AMD Phenom II X4 965,4 GB,NVIDIA GTX 260 / ATI Radeon HD 4870,8 GB,Windows 7,Intel Core i5-3570K / AMD FX-8150,8 GB,NVIDIA GTX 660 / AMD Radeon HD 7870,8 GB SSD,Windows 10,"technical.city, Steam Store, official game websites"
Grid Legends,Intel Core i5-8600 / AMD Ryzen 5 2600X,16 GB,NVIDIA GTX 950 / AMD Radeon RX 460,50 GB,Windows 10 64-bit,Intel Core i7-9700K / AMD Ryzen 7 3700X,16 GB,NVIDIA RTX 2070 / AMD Radeon RX 5700,50 GB SSD,Windows 10/11 64-bit,"technical.city, Steam Store, official game websites"
Grid (2019),Intel i3 2130 / AMD FX 4300,8 GB,Intel HD Graphics 4600 / Nvidia GT 740 / AMD R7 250,40 GB,Windows 10,Intel i5 8600k / AMD Ryzen 5 2600x,16 GB,Nvidia GTX 950 / AMD R9 280x,40 GB SSD,Windows 10,"technical.city, Steam Store, official game websites"
Dirt 5,Intel Core i3 2130 / AMD FX 4300,8 GB,NVIDIA GTX 970 / AMD R9 290,60 GB,Windows 10 64-bit,Intel Core i5 9600K / AMD Ryzen 5 2600X,16 GB,NVIDIA RTX 2070 / AMD RX 5700,60 GB SSD,Windows 10/11 64-bit,"technical.city, Steam Store, official game websites"
Dirt Rally 2.0,Intel Core i3-2130 / AMD FX-4300,8 GB,NVIDIA GTX 650 Ti / AMD HD 7750,50 GB,Windows 7/8/10,Intel Core i5-8600K / AMD Ryzen 5 2600X,8 GB,NVIDIA GTX 1070 / AMD RX Vega 56,50 GB SSD,Windows 10,"technical.city, Steam Store, official game websites"
Dirt 4,Intel Core i3-2130 / AMD FX-4300,8 GB,NVIDIA GTX 650 Ti / AMD HD 7750,40 GB,Windows 7/8/10,Intel Core i5-8600K / AMD Ryzen 5 2600X,8 GB,NVIDIA GTX 1070 / AMD RX Vega 56,40 GB SSD,Windows 10,"technical.city, Steam Store, official game websites"
F1 23,Intel Core i5 9600K / AMD Ryzen 5 2600X,16 GB,NVIDIA GTX 1660 Ti / AMD RX 590,80 GB,Windows 10 64-bit,Intel Core i7 10700K / AMD Ryzen 7 3700X,16 GB,NVIDIA RTX 3070 / AMD RX 6800,80 GB SSD,Windows 10/11 64-bit,"technical.city, Steam Store, official game websites"
F1 22,Intel Core i5 9600K / AMD Ryzen 5 2600X,16 GB,NVIDIA GTX 1660 Ti / AMD RX 590,80 GB,Windows 10 64-bit,Intel Core i7 10700K / AMD Ryzen 7 3700X,16 GB,NVIDIA RTX 3070 / AMD RX 6800,80 GB SSD,Windows 10/11 64-bit,"technical.city, Steam Store, official game websites"
F1 2021,Intel Core i5 9600K / AMD Ryzen 5 2600X,16 GB,NVIDIA GTX 1660 Ti / AMD RX 590,80 GB,Windows 10 64-bit,Intel Core i7 10700K / AMD Ryzen 7 3700X,16 GB,NVIDIA RTX 3070 / AMD RX 6800,80 GB SSD,Windows 10/11 64-bit,"technical.city, Steam Store, official game websites"
F1 2020,Intel Core i3 2130 / AMD FX 4300,8 GB,NVIDIA GTX 950 / AMD R9 280,80 GB,Windows 10 64-bit,Intel Core i5 9600K / AMD Ryzen 5 2600X,16 GB,NVIDIA GTX 1660 Ti / AMD RX 590,80 GB SSD,Windows 10/11 64-bit,"technical.city, Steam Store, official game websites"
F1 2019,Intel Core i3 2130 / AMD FX 4300,8 GB,NVIDIA GTX 950 / AMD R9 280,80 GB,Windows 7/8/10,Intel Core i5 9600K / AMD Ryzen 5 2600X,16 GB,NVIDIA GTX 1660 Ti / AMD RX 590,80 GB SSD,Windows 10,"technical.city, Steam Store, official game websites"
Project Cars 3,Intel Core i5 3450 / AMD FX-8350,8 GB,NVIDIA GTX 680 / AMD Radeon HD 7870,50 GB,Windows 10,Intel Core i7 8700K / AMD Ryzen 7 2700X,16 GB,NVIDIA RTX 2070 / AMD Radeon RX 5700,50 GB SSD,Windows 10,"technical.city, Steam Store, official game websites"
Project Cars 2,Intel Core i5 3450 / AMD FX-8350,8 GB,NVIDIA GTX 680 / AMD Radeon HD 7870,50 GB,Windows 10,Intel Core i7 6700K / AMD Ryzen 7 1700X,16 GB,NVIDIA GTX 1080 / AMD Radeon RX 480,50 GB SSD,Windows 10,"technical.city, Steam Store, official game websites"
Project Cars,Intel Core 2 Quad Q8400 / AMD Phenom II X4 940,4 GB,NVIDIA GTX 260 / ATI Radeon HD 5770,25 GB,Windows 7/8/10,Intel Core i7 3770 / AMD FX-8350,8 GB,NVIDIA GTX 780 / AMD Radeon R9 290,25 GB SSD,Windows 10,"technical.city, Steam Store, official game websites"
Assetto Corsa,AMD Athlon X2 2.8 GHZ / Intel Core 2 Duo 2.4 GHZ,2 GB,"DirectX 10.1 (e.g. AMD Radeon HD 6450, NVIDIA GeForce GT 460)",15 GB,Windows Vista SP2,AMD Six-Core CPU / Intel Quad-Core CPU,6 GB,"DirectX 11 (e.g. AMD Radeon 290x, NVIDIA GeForce GTX 970)",15 GB SSD,Windows 10,"technical.city, Steam Store, official game websites"
Assetto Corsa Competizione,Intel Core i5-4460 / AMD FX-8120,4 GB,GeForce GTX 460 2GB / Radeon HD 7770,50 GB,Windows 7 64-bit,Intel Core i5-8400 / AMD Ryzen 5 1500X,16 GB,GeForce GTX 1060 6 GB / Radeon RX 580 8GB,50 GB SSD,Windows 10/11 64-bit,"technical.city, Steam Store, official game websites"
Forza Horizon 5,Intel i5-4460 / AMD Ryzen 3 1200,8 GB,NVidia GTX 970 / AMD RX 470,110 GB,Windows 10 64-bit,Intel i5-8400 / AMD Ryzen 5 1500X,16 GB,NVidia GTX 1070 / AMD RX 590,110 GB SSD,Windows 10/11 64-bit,"technical.city, Steam Store, official game websites"
Forza Horizon 4,Intel i3-4170 @ 3.7Ghz / Intel i5 750 @ 2.67Ghz,8 GB,NVidia 650TI / AMD R7 250x,80 GB,Windows 10 64-bit,Intel i7-3820 @ 3.6Ghz,12 GB,NVidia GTX 970 / NVidia GTX 1060 3GB / AMD R9 290x / AMD RX 470,80 GB SSD,Windows 10/11 64-bit,"technical.city, Steam Store, official game websites"
Forza Motorsport (2023),Intel i5-8400 / AMD Ryzen 5 1600,8 GB,NVidia GTX 1060 6GB / AMD RX 5500 XT,130 GB SSD,Windows 10 64-bit,Intel i5-11600K / AMD Ryzen 5 5600X,16 GB,NVidia RTX 2080 Ti / AMD RX 6800 XT,130 GB SSD,Windows 10/11 64-bit,"technical.city, Steam Store, official game websites"
Forza Motorsport 7,Intel i5-750 2.67GHz / AMD FX-6300,8 GB,NVIDIA GT 740 / AMD R7 250x,100 GB,Windows 10 64-bit,Intel i5-760 2.8GHz / AMD FX-8150,8 GB,NVIDIA GTX 1060 / AMD RX 480,100 GB SSD,Windows 10/11 64-bit,"technical.city, Steam Store, official game websites"
The Crew 2,Intel Core i5-2400s @ 2.5 GHz / AMD FX-6100 @ 3.3 GHz,8 GB,NVIDIA GeForce GTX 660 / AMD HD 7870,27 GB,"Windows 7 SP1, Windows 8.1, Windows 10",Intel Core i5-4690k @ 3.5 GHz / AMD Ryzen 5 1600 @ 3.2 GHz,8 GB,NVIDIA GeForce GTX 1060 6GB / AMD RX 570,27 GB SSD,Windows 10,"technical.city, Steam Store, official game websites"
The Crew Motorfest,Intel Core i5-4460 / AMD Ryzen 5 1400,8 GB,NVIDIA GTX 1060 / AMD Radeon RX 570,40 GB,Windows 10 64-bit,Intel Core i7-8700 / AMD Ryzen 5 3600,16 GB,NVIDIA RTX 2070 / AMD Radeon RX 6700 XT,40 GB SSD,Windows 10/11 64-bit,"technical.city, Steam Store, official game websites"
Wreckfest,Intel Core 2 Duo 2.4 GHz / AMD Athlon X2 2.8 GHz,4 GB,NVIDIA Geforce GTX 460 / AMD Radeon HD 6850,15 GB,Windows 7,Intel Core i5-2300 / AMD FX-6300,8 GB,NVIDIA Geforce GTX 780 / AMD Radeon R9 290,15 GB SSD,Windows 10,"technical.city, Steam Store, official game websites"
BeamNG.drive,Dual-core processor,4 GB,NVIDIA GeForce GTX 550 Ti / AMD Radeon HD 7750,20 GB,Windows 7 Service Pack 1,Quad-core processor,8 GB,NVIDIA GeForce GTX 780 / AMD Radeon R9 290,20 GB SSD,Windows 10,"technical.city, Steam Store, official game websites"
Euro Truck Simulator 2,Dual core CPU 2.4 GHz,4 GB,GeForce GTS 450-class (Intel HD 4000),8 GB,Windows 7,Quad core CPU 3.0 GHz,6 GB,GeForce GTX 760-class (2 GB),8 GB SSD,Windows 10,"technical.city, Steam Store, official game websites"
American Truck Simulator,Dual core CPU 2.4 GHz,4 GB,GeForce GTS 450-class (Intel HD 4000),8 GB,Windows 7 64-bit,Quad core CPU 3.0 GHz,6 GB,GeForce GTX 760-class (2 GB),8 GB SSD,Windows 10/11 64-bit,"technical.city, Steam Store, official game websites"
Farming Simulator 22,Intel Core i5-3330 / AMD FX-8320,8 GB,NVIDIA GTX 660 / AMD Radeon R7 265,35 GB,Windows 10 64-bit,Intel Core i5-5675C / AMD Ryzen 5 1500X,8 GB,NVIDIA GTX 1060 / AMD Radeon RX 570,35 GB SSD,Windows 10/11 64-bit,"technical.city, Steam Store, official game websites"
Farming Simulator 19,2.0 GHz Intel or equivalent AMD dual-core processor,4 GB,"Nvidia Geforce GTS 450 Series, AMD Radeon HD 6770 graphics card or better",10 GB,"Windows 7, Windows 8, Windows 10",Intel Core i5-3330 or AMD FX-8320 or better processors,8 GB,"Nvidia Geforce GTX 660, AMD Radeon R7 265 graphics card or better (min 2GB VRAM)",10 GB SSD,Windows 10,"technical.city, Steam Store, official game websites"
SnowRunner,Intel i3-4130 3.4 GHz / AMD Ryzen 3 2200U 3.4 GHz,8 GB,"2 GB, GeForce GTX 660 / Radeon R9 270",20 GB,Windows 7/8/10 64-bit,Intel i7-8700 3.2 GHz / AMD Ryzen 7 2700 3.2 GHz,16 GB,"4 GB, GeForce GTX 970 / Radeon RX 480",20 GB SSD,Windows 10/11 64-bit,"technical.city, Steam Store, official game websites"
MudRunner,Intel Pentium Dual Core 2.0GHz / AMD Athlon II X2 215 2.1GHz,2 GB,"512 MB VRAM, NVIDIA GeForce 9600 GT / AMD Radeon HD 5450",1 GB,Windows Vista/7/8/10,Intel Core 2 Duo 2.5GHz / AMD Athlon II X3 450 3.2GHz,4 GB,"1 GB VRAM, NVIDIA GeForce GTX 470 / AMD Radeon HD 7850",1 GB SSD,Windows 10,"technical.city, Steam Store, official game websites"
Spintires,Intel Pentium Dual Core 2.0GHz / AMD Athlon II X2 215 2.1GHz,2 GB,NVIDIA GeForce 9600 GT / AMD Radeon HD 5450,1 GB,"Windows XP, Windows Vista, Windows 7 or Windows 8",Intel Core 2 Duo 2.5GHz / AMD Athlon II X3 450 3.2GHz,4 GB,NVIDIA GeForce GTX 470 / AMD Radeon HD 7850,1 GB SSD,Windows 10,"technical.city, Steam Store, official game websites"
Construction Simulator,Intel Core 2 Duo / AMD Athlon X2,4 GB,NVIDIA GeForce GTS 450 / ATI Radeon HD 5750,10 GB,Windows 7/8/10,Intel Core i5 / AMD FX-6300,8 GB,NVIDIA GeForce GTX 760 / AMD Radeon R9 270,10 GB SSD,Windows 10,"technical.city, Steam Store, official game websites"
Bus Simulator 21,Intel Core i3-6100 / AMD Ryzen 3 1200,6 GB,NVIDIA GeForce GTX 760 / AMD Radeon R9 280,18 GB,Windows 10 64-bit,Intel Core i5-8400 / AMD Ryzen 5 2600,8 GB,NVIDIA GeForce GTX 1060 / AMD Radeon RX 580,18 GB SSD,Windows 10/11 64-bit,"technical.city, Steam Store, official game websites"
Firefighting Simulator,Intel Core i5-2500 / AMD FX-6300,8 GB,NVIDIA GeForce GTX 760 / AMD Radeon R9 280,20 GB,Windows 10 64-bit,Intel Core i7-4770 / AMD Ryzen 5 1600,16 GB,NVIDIA GeForce GTX 1060 / AMD Radeon RX 580,20 GB SSD,Windows 10/11 64-bit,"technical.city, Steam Store, official game websites"
Police Simulator: Patrol Officers,Intel Core i3-2120 / AMD FX-6300,8 GB,NVIDIA GeForce GTX 760 / AMD Radeon R9 280,20 GB,Windows 10 64-bit,Intel Core i5-8400 / AMD Ryzen 5 2600,16 GB,NVIDIA GeForce GTX 1060 / AMD Radeon RX 580,20 GB SSD,Windows 10/11 64-bit,"technical.city, Steam Store, official game websites"
Gas Station Simulator,Intel Core i3-4130 / AMD Phenom II X4,8 GB,NVIDIA GeForce GTX 660 / AMD Radeon HD 7870,10 GB,Windows 7 64-bit,Intel Core i5-8400 / AMD Ryzen 5 2600,16 GB,NVIDIA GeForce GTX 1060 / AMD Radeon RX 580,10 GB SSD,Windows 10/11 64-bit,"technical.city, Steam Store, official game websites"
Car Mechanic Simulator 2021,Intel Core i3 3.0 GHz / AMD Ryzen 3 3.0 GHz,8 GB,NVIDIA GeForce GTX 750 Ti / AMD Radeon R7 260X,15 GB,Windows 8.1 64-bit,Intel Core i5 3.4 GHz / AMD Ryzen 5 3.4 GHz,16 GB,NVIDIA GeForce GTX 970 / AMD Radeon R9 290,15 GB SSD,Windows 10/11 64-bit,"technical.city, Steam Store, official game websites"
Thief Simulator,Intel Core i5,8 GB,NVidia GeForce GTX 750,5 GB,Windows 7,Intel Core i7,16 GB,NVidia GeForce GTX 1050Ti,5 GB SSD,Windows 10,"technical.city, Steam Store, official game websites"
House Flipper,Intel Core i3 3.20GHz / AMD Phenom II X4 955 3.2 GHz,4 GB,GeForce GTX 560 / AMD R7-260X,6 GB,Windows 7/8/10,Intel Core i5-8400 / AMD Ryzen 5 1600,8 GB,GeForce GTX 970 / AMD Radeon RX 580,6 GB SSD,Windows 10,"technical.city, Steam Store, official game websites"
House Flipper 2,Intel Core i5 8400 / AMD Ryzen 5 2600,8 GB,GeForce GTX 970 / AMD Radeon RX 580,16 GB,Windows 10 64-bit,Intel Core i7 9700K / AMD Ryzen 7 3700X,16 GB,GeForce RTX 3060 Ti / AMD Radeon RX 6700 XT,16 GB SSD,Windows 10/11 64-bit,"technical.city, Steam Store, official game websites"
PowerWash Simulator,Intel Core i3 3.0 GHz / AMD Ryzen 3 3.0 GHz,4 GB,NVIDIA GeForce GTX 760 / AMD Radeon R9 280,6 GB,Windows 8 64-bit,Intel Core i5 3.4 GHz / AMD Ryzen 5 3.4 GHz,8 GB,NVIDIA GeForce GTX 1060 / AMD Radeon RX 580,6 GB SSD,Windows 10/11 64-bit,"technical.city, Steam Store, official game websites"
PC Building Simulator,Intel Core i5-2500K / AMD Athlon X4 740,4 GB,NVIDIA GeForce GTX 660 / AMD Radeon HD 7870,7 GB,Windows 7 64-bit,Intel Core i5-4460 / AMD Ryzen 3 1200,8 GB,NVIDIA GeForce GTX 970 / AMD Radeon R9 290,7 GB SSD,Windows 10/11 64-bit,"technical.city, Steam Store, official game websites"
PC Building Simulator 2,Intel Core i5-3570 / AMD FX-8350,8 GB,NVIDIA GeForce GTX 1050 Ti / AMD Radeon R9 380,30 GB,Windows 10 64-bit,Intel Core i7-4770K / AMD Ryzen 5 1600,16 GB,NVIDIA GeForce GTX 1660 Ti / AMD Radeon RX 5600 XT,30 GB SSD,Windows 10/11 64-bit,"technical.city, Steam Store, official game websites"
Two Point Hospital,Intel Core i3 6100 / AMD FX-4350,4 GB,NVIDIA Geforce GT 1030 2GB / AMD RX 550 2GB,6 GB,Windows 7 64-bit,Intel Core i5 6600 / AMD Ryzen 5 1400,8 GB,NVIDIA Geforce GTX 1060 3GB / AMD RX 580 4GB,6 GB SSD,Windows 10/11 64-bit,"technical.city, Steam Store, official game websites"
Two Point Campus,Intel Core i3 6100 / AMD FX-4350,4 GB,NVIDIA Geforce GT 1030 2GB / AMD RX 550 2GB,6 GB,Windows 7 64-bit,Intel Core i5 6600 / AMD Ryzen 5 1400,8 GB,NVIDIA Geforce GTX 1060 3GB / AMD RX 580 4GB,6 GB SSD,Windows 10/11 64-bit,"technical.city, Steam Store, official game websites"
Planet Coaster,Intel i5-2300 / AMD FX-4300,8 GB,nVidia GTX 560 (2GB) / AMD Radeon 7850 (2GB),8 GB,Windows 7/8.1/10 64-bit,Intel i7-4770 / AMD FX-8350,12 GB,nVidia GTX 980 (4GB) / AMD R9 380 (4GB),8 GB SSD,Windows 10/11 64-bit,"technical.city, Steam Store, official game websites"
Planet Zoo,Intel i5-2500 / AMD FX-6350,8 GB,NVIDIA GeForce GTX 770 (2GB) / AMD Radeon R9 270X (2GB),16 GB,Windows 7/8.1/10 64-bit,Intel i7-4770k / AMD Ryzen 5 1600,16 GB,NVIDIA GeForce GTX 1070 (8GB) / AMD Radeon RX 580 (8GB),16 GB SSD,Windows 10/11 64-bit,"technical.city, Steam Store, official game websites"
Jurassic World Evolution 2,Intel i5-4590 / AMD FX-8370,8 GB,NVIDIA GeForce GTX 1050 Ti (Legacy GPU: GeForce GTX 660) / AMD Radeon RX 470,14 GB,Windows 10 64-bit,Intel i7-5775C / AMD Ryzen 5 1500X,12 GB,NVIDIA GeForce GTX 1070 / AMD RX 570,14 GB SSD,Windows 10/11 64-bit,"technical.city, Steam Store, official game websites"
Jurassic World Evolution,Intel i5-2300 / AMD FX-4300,8 GB,NVIDIA GeForce GTX 1050 (Legacy GPU: GeForce GTX 660) / AMD Radeon 7850 (2GB),12 GB,Windows 7/8.1/10 64-bit,Intel i7-4770 / AMD FX-8350,12 GB,NVIDIA GeForce GTX 1060 / AMD RX 480,12 GB SSD,Windows 10/11 64-bit,"technical.city, Steam Store, official game websites"
RollerCoaster Tycoon 3: Complete Edition,Intel Core 2 Duo 2.4 GHz / AMD Athlon X2 2.8 GHz,2 GB,NVIDIA GeForce 8800 GT / ATI Radeon HD 4850,2 GB,Windows 7/8/10,Intel Core i5 / AMD FX-6300,4 GB,NVIDIA GeForce GTX 560 / AMD Radeon HD 6870,2 GB SSD,Windows 10,"technical.city, Steam Store, official game websites"
RollerCoaster Tycoon Classic,Intel Core 2 Duo 2.4 GHz / AMD Athlon X2 2.8 GHz,2 GB,NVIDIA GeForce 8800 GT / ATI Radeon HD 4850,2 GB,Windows 7/8/10,Intel Core i5 / AMD FX-6300,4 GB,NVIDIA GeForce GTX 560 / AMD Radeon HD 6870,2 GB SSD,Windows 10,"technical.city, Steam Store, official game websites"
Parkitect,Intel Core i3 2.4 GHz / AMD equivalent,4 GB,NVIDIA GeForce GTX 560 / AMD Radeon HD 6870,1 GB,Windows 7/8/10,Intel Core i5 3.0 GHz / AMD equivalent,8 GB,NVIDIA GeForce GTX 760 / AMD Radeon R9 280,1 GB SSD,Windows 10,"technical.city, Steam Store, official game websites"
Cities: Skylines,"Intel Core 2 Duo, 3.0GHz / AMD Athlon 64 X2 6400+, 3.2GHz",4 GB,"nVIDIA GeForce GTX 260, 512 MB / ATI Radeon HD 5670, 512 MB",4 GB,Windows 7/8/10,"Intel Core i5-3470, 3.20GHz / AMD FX-6300, 3.5Ghz",6 GB,"nVIDIA GeForce GTX 660, 2 GB / AMD Radeon HD 7870, 2 GB",4 GB SSD,Windows 10,"technical.city, Steam Store, official game websites"
Cities: Skylines II,Intel Core i7-6700K / AMD Ryzen 5 2600X,8 GB,NVIDIA GeForce GTX 970 / AMD Radeon RX 480,60 GB,Windows 10 64-bit,Intel Core i5-12600K / AMD Ryzen 7 5800X,16 GB,NVIDIA GeForce RTX 3080 / AMD Radeon RX 6800 XT,60 GB SSD,Windows 10/11 64-bit,"technical.city, Steam Store, official game websites"
SimCity (2013),AMD Athlon 64 X2 Dual-Core 4000+ / Intel Core 2 Duo Processor 2.0GHz,2 GB,ATI Radeon HD 2x00 / Intel GMA x3x00 / NVIDIA 7800,10 GB,Windows XP/Vista/7,Intel Core 2 Quad Processor / AMD Athlon II X4,4 GB,NVIDIA GeForce GTX 275 / ATI Radeon HD 4890,10 GB SSD,Windows 10,"technical.city, Steam Store, official game websites"
Cities XL Platinum,Intel Core 2 Duo 2.5 GHz / AMD equivalent,2 GB,NVIDIA GeForce 8800 GT / ATI Radeon HD 3870,8 GB,Windows XP/Vista/7/8,Intel Core i5 2.8 GHz / AMD equivalent,4 GB,NVIDIA GeForce GTX 560 / ATI Radeon HD 6950,8 GB SSD,Windows 10,"technical.city, Steam Store, official game websites"
Civilization VI,Intel Core i3 4th Gen / AMD FX-6300,4 GB,NVIDIA GeForce GTX 460 / AMD Radeon HD 5870,12 GB,Windows 7 64-bit,Intel Core i5 4th Gen / AMD FX-8300,8 GB,NVIDIA GeForce GTX 770 / AMD Radeon HD 7970,12 GB SSD,Windows 10/11 64-bit,"technical.city, Steam Store, official game websites"
Civilization V,Intel Core 2 Duo 1.8 GHz / AMD Athlon X2 64 2.0 GHz,2 GB,256 MB ATI HD2600 XT / 256 MB nVidia 7900 GS / Core i3 integrated graphics,8 GB,Windows XP SP3,1.8 GHz Quad Core CPU,4 GB,512 MB ATI 4800 series / 512 MB nVidia 9800 series,8 GB SSD,Windows 10,"technical.city, Steam Store, official game websites"
Civilization IV,1.2GHz Intel Pentium 4 / AMD Athlon processor,256 MB,64 MB VRAM,1.7 GB,Windows 2000/XP,2.4GHz Intel Pentium 4 / AMD Athlon processor,512 MB,128 MB VRAM,1.7 GB SSD,Windows 10,"technical.city, Steam Store, official game websites"
Civilization III,Pentium II 300 MHz,64 MB,4 MB,400 MB,Windows 95/98/ME/2000,Pentium III 500 MHz,128 MB,8 MB,400 MB SSD,Windows 10,"technical.city, Steam Store, official game websites"
Humankind,Intel i5 4th generation / AMD FX-8300,8 GB,NVIDIA GTX 770 / AMD Radeon R9 290,25 GB,Windows 7 64-bit,Intel i5 6th generation / AMD Ryzen 5,16 GB,NVIDIA GTX 1060 / AMD Radeon RX 5500 XT,25 GB SSD,Windows 10/11 64-bit,"technical.city, Steam Store, official game websites"
Old World,Intel Core i5-6400 / AMD FX-8320,8 GB,NVIDIA GTX 770 / AMD Radeon R9 290,16 GB,Windows 7 64-bit,Intel Core i7-8700 / AMD Ryzen 5 2600,16 GB,NVIDIA GTX 1060 / AMD Radeon RX 580,16 GB SSD,Windows 10/11 64-bit,"technical.city, Steam Store, official game websites"
Crusader Kings III,Intel Core i5-4670K / AMD Ryzen 5 2400G,8 GB,NVIDIA GeForce GTX 1650 / AMD Radeon RX 470,8 GB,Windows 8.1 64-bit,Intel Core i7-8670 / AMD Ryzen 5 3600X,16 GB,NVIDIA GeForce GTX 1070 / AMD Radeon RX 580,8 GB SSD,Windows 10/11 64-bit,"technical.city, Steam Store, official game websites"
Crusader Kings II,Intel Pentium IV 2.4 GHz / AMD 3500+,4 GB,NVIDIA GeForce 8800 / ATI Radeon X1900,2 GB,Windows 7,Intel Core 2 Quad 2.6 GHz / AMD Athlon II X4 3.0 GHz,8 GB,NVIDIA GeForce GTX 460 / AMD Radeon HD 6850,2 GB SSD,Windows 10,"technical.city, Steam Store, official game websites"
Europa Universalis IV,Intel Pentium IV 2.4 GHz / AMD 3500+,4 GB,NVIDIA GeForce 8800 / ATI Radeon X1900,6 GB,Windows 7/8,Intel Core 2 Quad 2.6 GHz / AMD Athlon II X4 3.0 GHz,8 GB,NVIDIA GeForce GTX 460 / AMD Radeon HD 6850,6 GB SSD,Windows 10,"technical.city, Steam Store, official game websites"
Hearts of Iron IV,Intel Core i5 750 / AMD FX 4300,4 GB,NVIDIA GeForce GTX 470 / ATI Radeon HD 5850,2 GB,Windows 7 64-bit,Intel Core i5 3570K / AMD FX 6300,8 GB,NVIDIA GeForce GTX 770 / ATI Radeon HD 7970,2 GB SSD,Windows 10/11 64-bit,"technical.city, Steam Store, official game websites"
Stellaris,Intel Core i3-530 / AMD FX-6350,4 GB,NVIDIA GeForce GTX 460 / AMD ATI Radeon HD 5870,10 GB,Windows 7 64-bit,Intel Core i5-3570K / AMD Ryzen 5 2400G,8 GB,NVIDIA GeForce GTX 560 Ti / AMD Radeon R7 370,10 GB SSD,Windows 10/11 64-bit,"technical.city, Steam Store, official game websites"
Victoria 3,Intel Core i3-3250 / AMD FX 8370,8 GB,NVIDIA GeForce GTX 660 / AMD Radeon R7 370,10 GB,Windows 10 64-bit,Intel Core i5-3570K / AMD Ryzen 5 1400,16 GB,NVIDIA GeForce GTX 1060 / AMD Radeon RX 580,10 GB SSD,Windows 10/11 64-bit,"technical.city, Steam Store, official game websites"
Imperator: Rome,Intel Core i3-2100 / AMD FX-8120,4 GB,NVIDIA GeForce GTX 460 / AMD Radeon HD 6850,5 GB,Windows 7 64-bit,Intel Core i5-3570K / AMD Ryzen 5 1400,8 GB,NVIDIA GeForce GTX 770 / AMD Radeon R9 290,5 GB SSD,Windows 10/11 64-bit,"technical.city, Steam Store, official game websites"
Europa Universalis III,Intel Pentium 4 2.4 GHz / AMD 3500+,2 GB,NVIDIA GeForce 6800 / ATI Radeon x1300,1 GB,Windows XP/Vista,Intel Core 2 Duo 2.4 GHz / AMD Athlon X2 2.8 GHz,4 GB,NVIDIA GeForce 8800 GT / ATI Radeon HD 4850,1 GB SSD,Windows 10,"technical.city, Steam Store, official game websites"
Total War: Warhammer III,Intel i3/Ryzen 3 series,6 GB,Nvidia GTX 900/AMD RX 400 series / Intel Iris Xe Graphics,120 GB,Windows 10 64-bit,Intel i5/Ryzen 5 series,8 GB,Nvidia GeForce GTX 1660 Ti/AMD RX 5600-XT,120 GB SSD,Windows 10/11 64-bit,"technical.city, Steam Store, official game websites"
Total War: Warhammer II,Intel Core 2 Duo 3.0Ghz,5 GB,NVIDIA GTX 460 1GB / AMD Radeon HD 5770 1GB / Intel HD4000 @720p,60 GB,Windows 7 64-bit,Intel Core i5-4570 3.20GHz,8 GB,NVIDIA GeForce GTX 770 4GB / AMD Radeon R9 290X 4GB,60 GB SSD,Windows 10/11 64-bit,"technical.city, Steam Store, official game websites"
Total War: Warhammer,Windows XP 32bit,3 GB,AMD Radeon HD 5770 1024MB / NVIDIA GTS 450 1024MB / Intel HD4000 @720P,35 GB,Windows 7 64-bit,Intel Core i5-4570 3.20GHz,8 GB,AMD Radeon R9 270X 2048MB / NVIDIA GeForce GTX 760 2048MB @1080P,35 GB SSD,Windows 10/11 64-bit,"technical.city, Steam Store, official game websites"
Total War: Three Kingdoms,Intel Core 2 Duo 3.00Ghz,4 GB,GTX 650 Ti 1GB/HD 7850 1GB/Intel UHD Graphics 620,60 GB,Windows 7 64-bit,Intel Core i5-6600 / Ryzen 5 2600X,8 GB,GTX 970 / R9 Fury X,60 GB SSD,Windows 10/11 64-bit,"technical.city, Steam Store, official game websites"
Total War: Rome II,2 GHz Intel Dual Core processor / 2.6 GHz Intel Single Core processor,2 GB,512 MB DirectX 9.0c compatible card,35 GB,Windows XP/Vista/7/8,2nd Generation Intel Core i5 processor / AMD equivalent,4 GB,1024 MB DirectX 11 compatible graphics card,35 GB SSD,Windows 10,"technical.city, Steam Store, official game websites"
Total War: Attila,Intel Core 2 Duo 3 GHz,3 GB,512 MB NVIDIA GeForce 8800 GT / AMD Radeon HD 2900 XT / Intel HD 4000,35 GB,Windows Vista/7/8,Intel Core i5-4570 3.20GHz,8 GB,1024 MB NVIDIA GeForce GTX 560 Ti / AMD Radeon HD 5870,35 GB SSD,Windows 10,"technical.city, Steam Store, official game websites"
Total War: Shogun 2,2 GHz Intel Single Core processor,1 GB,256 MB DirectX 9.0c compatible card,20 GB,Windows XP/Vista/7/8,2 GHz Intel Dual Core processor,2 GB,512 MB DirectX 9.0c compatible graphics card,20 GB SSD,Windows 10,"technical.city, Steam Store, official game websites"
Total War: Napoleon,2.3 GHz CPU with Windows Vista/7/8 or 2.2 GHz CPU with Windows XP,1 GB,256 MB Graphics Card,21 GB,Windows XP/Vista/7/8,2.6 GHz CPU with Windows Vista/7/8 or 2.4 GHz CPU with Windows XP,2 GB,512 MB Graphics Card,21 GB SSD,Windows 10,"technical.city, Steam Store, official game websites"
Total War: Empire,2.3 GHz CPU with Windows Vista/7/8 or 2.2 GHz CPU with Windows XP,1 GB,256 MB Graphics Card,15 GB,Windows XP/Vista/7/8,2.6 GHz CPU with Windows Vista/7/8 or 2.4 GHz CPU with Windows XP,2 GB,512 MB Graphics Card,15 GB SSD,Windows 10,"technical.city, Steam Store, official game websites"
Total War: Medieval II,"Celeron 1.5GHz Pentium 4
(1500MHz) or equivalent AMD processor",512 MB,128 MB Hardware Accelerated video card with Shader 1 support,11 GB,Windows 2000/XP,Pentium 4 2.4GHz (2400MHz) or equivalent AMD Athlon 64 processor,1 GB,256 MB Hardware Accelerated video card with Shader 2 support,11 GB SSD,Windows 10,"technical.city, Steam Store, official game websites"
Company of Heroes 3,Intel i5 6th-gen / AMD Ryzen desktop processor,8 GB,NVIDIA GeForce GTX 950 / AMD Radeon R9 370,40 GB,Windows 10 64-bit,Intel i7 8th-gen / AMD Ryzen desktop processor,16 GB,NVIDIA GeForce GTX 1660 Super / AMD Radeon RX 5600,40 GB SSD,Windows 10/11 64-bit,"technical.city, Steam Store, official game websites"
Company of Heroes 2,2Ghz Intel Core2 Duo or equivalent,2 GB,512MB Direct3D 10 capable video card (GeForce 8800 GT or Radeon HD 2900XT),30 GB,Windows Vista/7/8,3Ghz Intel i5 quad core or equivalent,4 GB,1024 MB Direct3D 11 capable video card (GeForce GTX 470 or Radeon HD 5850),30 GB SSD,Windows 10,"technical.city, Steam Store, official game websites"
Company of Heroes,2.0 Ghz Intel Pentium IV or equivalent,512 MB,DirectX 9.0c compatible 64MB video card with Pixel Shader 1.1 support,6.5 GB,Windows XP or Vista,3.0 Ghz Intel Pentium IV or equivalent,1 GB,256 MB NVIDIA GeForce 6800 series or better,6.5 GB SSD,Windows 10,"technical.city, Steam Store, official game websites"
Age of Empires IV,Intel Core i5-6300U / AMD Ryzen 5 2400G,8 GB,Intel HD 520 / AMD Radeon RX Vega 11,50 GB,Windows 10 64-bit,3.6 GHz 6-core (Intel i5) / AMD Ryzen 5 1600,16 GB,Nvidia GeForce 970 / AMD Radeon RX 570,50 GB SSD,Windows 10/11 64-bit,"technical.city, Steam Store, official game websites"
Age of Empires III: Definitive Edition,Intel Core 2 Duo or AMD Athlon 64x2 2.0GHz,4 GB,NVIDIA GeForce 8600 GT / ATI Radeon HD 2600 XT,42 GB,Windows 10 64-bit,Intel Core i3-2105 or AMD Athlon II X4 630,8 GB,Nvidia GeForce GTX 550 Ti / AMD Radeon HD 6850 / Intel HD 530,42 GB SSD,Windows 10/11 64-bit,"technical.city, Steam Store, official game websites"
Age of Empires II: Definitive Edition,Intel Core 2 Duo or AMD Athlon 64x2 2.0GHz,4 GB,NVIDIA GeForce 8600 GT / ATI Radeon HD 2600 XT,30 GB,Windows 10 64-bit,Intel Core i3-2105 or AMD Athlon II X4 630,8 GB,Nvidia GeForce GTX 550 Ti / AMD Radeon HD 6850 / Intel HD 530,30 GB SSD,Windows 10/11 64-bit,"technical.city, Steam Store, official game websites"
Age of Empires: Definitive Edition,Intel Core 2 Duo or AMD Athlon 64x2 2.0GHz,4 GB,NVIDIA GeForce 8600 GT / ATI Radeon HD 2600 XT,30 GB,Windows 10 64-bit,Intel Core i3-2105 or AMD Athlon II X4 630,8 GB,Nvidia GeForce GTX 550 Ti / AMD Radeon HD 6850 / Intel HD 530,30 GB SSD,Windows 10/11 64-bit,"technical.city, Steam Store, official game websites"
Age of Mythology: Extended Edition,PC with 1.6GHz equivalent or higher processor,1 GB,64 MB video card with Hardware T&L support,3 GB,"Windows Vista, 7, 8.1+",PC with 2.0GHz equivalent or higher processor,2 GB,128 MB video card with Hardware T&L support,3 GB SSD,Windows 10,"technical.city, Steam Store, official game websites"
StarCraft II: Wings of Liberty,Windows XP / Windows Vista,1.5 GB,128 MB PCIe NVIDIA GeForce 6600 GT / ATI Radeon 9800 PRO,12 GB,Windows XP/Vista/7,Windows Vista / Windows 7,2 GB,512 MB PCIe NVIDIA GeForce 8800 GTX / ATI Radeon HD 3870,12 GB SSD,Windows 10,"technical.city, Steam Store, official game websites"
StarCraft Remastered,Intel Pentium D / AMD Athlon 64 X2,2 GB,NVIDIA GeForce 6800 / ATI Radeon X1600 Pro,8 GB,Windows 7 / Windows 8 / Windows 10,Intel Core 2 Duo E6600 / AMD Athlon 64 X2 5000+,4 GB,NVIDIA GeForce 8800 GTX / ATI Radeon HD 4850,8 GB SSD,Windows 10,"technical.city, Steam Store, official game websites"
Warcraft III: Reforged,Intel Core i3-530 / AMD Athlon Phenom II X4 910,4 GB,NVIDIA GeForce GTS 450 / AMD Radeon HD 5750 / Intel UHD Graphics 630,30 GB,Windows 7 / Windows 8 / Windows 10 64-bit,Intel Core i5-6400 / AMD Ryzen 7 1700X,8 GB,NVIDIA GeForce GTX 960 / AMD Radeon R9 280X,30 GB SSD,Windows 10/11 64-bit,"technical.city, Steam Store, official game websites"
Warcraft III: The Frozen Throne,400 MHz Pentium II or equivalent,128 MB,"8 MB 3D video card (TNT, i810, Voodoo 3, Rage 128 equivalent or better) with DirectX 8.1 support",1.3 GB,Windows 98/ME/2000/XP,600 MHz Pentium III or equivalent,256 MB,32 MB 3D video card,1.3 GB SSD,Windows 10,"technical.city, Steam Store, official game websites"
Command & Conquer: Remastered Collection,Intel Core 2 Duo / AMD Athlon X2,4 GB,NVIDIA GeForce 8800 GT / ATI Radeon HD 4850,20 GB,Windows 8.1/10 64-bit,Intel Core i5 / AMD Ryzen 5,8 GB,NVIDIA GeForce GTX 660 / AMD Radeon HD 7870,20 GB SSD,Windows 10/11 64-bit,"technical.city, Steam Store, official game websites"
Command & Conquer 3: Tiberium Wars,2.0 GHz or faster processor,512 MB,64 MB video card with DirectX 9.0c support,6 GB,Windows XP/Vista,2.4 GHz or faster processor,1 GB,128 MB video card with DirectX 9.0c support,6 GB SSD,Windows 10,"technical.city, Steam Store, official game websites"
Command & Conquer: Red Alert 3,2.0 GHz Intel Pentium 4 / AMD Athlon 2000+,1 GB,NVIDIA GeForce 6800 / ATI Radeon X1800,10 GB,Windows XP/Vista,2.6 GHz Intel Pentium 4 / AMD Athlon 3000+,2 GB,NVIDIA GeForce 7800 / ATI Radeon X1900,10 GB SSD,Windows 10,"technical.city, Steam Store, official game websites"
Command & Conquer: Generals,1.8 GHz or faster processor,256 MB,32 MB video card with DirectX 8.1 support,1.8 GB,Windows 98/ME/2000/XP,2.4 GHz or faster processor,512 MB,64 MB video card with DirectX 8.1 support,1.8 GB SSD,Windows 10,"technical.city, Steam Store, official game websites"
Rise of Nations: Extended Edition,PC with 1.6GHz equivalent or higher processor,1 GB,64 MB video card with Hardware T&L support,3 GB,"Windows Vista, 7, 8.1+",PC with 2.0GHz equivalent or higher processor,2 GB,128 MB video card with Hardware T&L support,3 GB SSD,Windows 10,"technical.city, Steam Store, official game websites"
Rise of Legends,1.4 GHz processor,256 MB,64 MB video card with Hardware T&L support,5.5 GB,Windows 2000/XP,2.0 GHz processor,512 MB,128 MB video card with Hardware T&L support,5.5 GB SSD,Windows 10,"technical.city, Steam Store, official game websites"
Empire Earth,Pentium II 350 MHz,64 MB,4 MB,450 MB,Windows 95/98/ME/2000,Pentium III 500 MHz,128 MB,8 MB,450 MB SSD,Windows 10,"technical.city, Steam Store, official game websites"
Empire Earth II,1.5 GHz Intel Pentium 4 / AMD Athlon,256 MB,64 MB video card with DirectX 9.0c support,1.5 GB,Windows 2000/XP,2.2 GHz Intel Pentium 4 / AMD Athlon,512 MB,128 MB video card with DirectX 9.0c support,1.5 GB SSD,Windows 10,"technical.city, Steam Store, official game websites"
Empire Earth III,1.7 GHz Intel Pentium 4 / AMD Athlon,512 MB,64 MB video card with DirectX 9.0c support,6.5 GB,Windows XP/Vista,2.4 GHz Intel Pentium 4 / AMD Athlon,1 GB,128 MB video card with DirectX 9.0c support,6.5 GB SSD,Windows 10,"technical.city, Steam Store, official game websites"
Supreme Commander,1.8 GHz processor,512 MB,128 MB video card with pixel shader 2.0 support,8 GB,Windows XP/Vista,3.0 GHz dual-core processor,1 GB,256 MB video card with pixel shader 3.0 support,8 GB SSD,Windows 10,"technical.city, Steam Store, official game websites"
Supreme Commander: Forged Alliance,1.8 GHz processor,512 MB,128 MB video card with pixel shader 2.0 support,8 GB,Windows XP/Vista,3.0 GHz dual-core processor,1 GB,256 MB video card with pixel shader 3.0 support,8 GB SSD,Windows 10,"technical.city, Steam Store, official game websites"
Ashes of the Singularity: Escalation,Quad-core Intel / AMD processor,6 GB,NVIDIA GTX 660 / Radeon R7 370,27 GB,Windows 10 64-bit,Intel Core i5 / AMD Ryzen 5,16 GB,NVIDIA GTX 970 / AMD R9 390,27 GB SSD,Windows 10/11 64-bit,"technical.city, Steam Store, official game websites"
Sins of a Solar Empire: Rebellion,3 GHz Intel Pentium 4 / AMD Athlon 64 processor,2 GB,256 MB video card with DirectX 9.0c support,5 GB,Windows 7/8/10,Intel Core i5 / AMD Ryzen 5,4 GB,512 MB video card with DirectX 9.0c support,5 GB SSD,Windows 10,"technical.city, Steam Store, official game websites"
Galactic Civilizations III,1.8 GHz Intel Core 2 Duo / AMD Athlon X2,4 GB,512 MB video card with DirectX 10.1 support,12 GB,Windows 7/8/10 64-bit,2.3 GHz Intel Core i5 / AMD Ryzen 5,6 GB,1 GB video card with DirectX 10.1 support,12 GB SSD,Windows 10/11 64-bit,"technical.city, Steam Store, official game websites"
Endless Space 2,i3 4th generation / i5 2nd generation / A6 series,4 GB,AMD Radeon 5800 series / NVidia 550 Ti,8 GB,Windows 7/8/8.1/10 64-bit,i3 5th generation / i5 3rd generation / FX 4170,8 GB,AMD Radeon 8000 series / NVidia GTX 660,8 GB SSD,Windows 10/11 64-bit,"technical.city, Steam Store, official game websites"
Endless Legend,Windows Vista / 7 / 8 / 8.1 / 10,4 GB,512 MB VRAM,4 GB,Windows Vista / 7 / 8 / 8.1 / 10,Windows Vista / 7 / 8 / 8.1 / 10,8 GB,1024 MB VRAM,4 GB SSD,Windows 10,"technical.city, Steam Store, official game websites"
Dawn of War III,3GHz i3 quad logical core / AMD Phenom II X4,4 GB,NVIDIA GeForce 460 / AMD Radeon 6950 / Intel Haswell (Intel HD 4600 Integrated Graphics),50 GB,Windows 7 64-bit,Intel Core i5-2400 / AMD Ryzen 5 1400,8 GB,NVIDIA GeForce 770 / AMD Radeon HD 7970,50 GB SSD,Windows 10/11 64-bit,"technical.city, Steam Store, official game websites"
Dawn of War II,Core 2 Duo 2.0 GHz / Athlon X2 4400+,1 GB,NVIDIA GeForce 7800 GT / ATI Radeon X1900,6.5 GB,Windows XP SP2 or Windows Vista,Core 2 Duo 3.0 GHz / Athlon X2 6000+,2 GB,NVIDIA GeForce 8800 GT / ATI Radeon HD 3850,6.5 GB SSD,Windows 10,"technical.city, Steam Store, official game websites"
Dawn of War: Soulstorm,P4 3.2 GHz (single core) or any Dual Core processor,1 GB,A 128MB Video Card (GeForce 6600 or better),3.5 GB,Windows XP SP2 or Windows Vista,Intel Core 2 Duo / AMD Athlon X2,2 GB,A 256MB Video Card (GeForce 7800 or better),3.5 GB SSD,Windows 10,"technical.city, Steam Store, official game websites"
"Warhammer 40,000: Gladius - Relics of War",Intel Core i3 or equivalent,4 GB,OpenGL 3.3 compatible with 1 GB VRAM,4 GB,Windows 7/8/10 64-bit,Intel Core i5 or equivalent,8 GB,OpenGL 3.3 compatible with 2 GB VRAM,4 GB SSD,Windows 10/11 64-bit,"technical.city, Steam Store, official game websites"
"Warhammer 40,000: Battlesector",Intel Core i3-2100 / AMD FX-6300,8 GB,NVIDIA GeForce GTX 750 Ti / AMD Radeon R7 260X,10 GB,Windows 10 64-bit,Intel Core i5-8400 / AMD Ryzen 5 2600,16 GB,NVIDIA GeForce GTX 1060 / AMD Radeon RX 580,10 GB SSD,Windows 10/11 64-bit,"technical.city, Steam Store, official game websites"
"Warhammer 40,000: Sanctus Reach",Intel Core i3 or equivalent,4 GB,OpenGL 3.3 compatible with 1 GB VRAM,2 GB,Windows 7/8/10 64-bit,Intel Core i5 or equivalent,8 GB,OpenGL 3.3 compatible with 2 GB VRAM,2 GB SSD,Windows 10/11 64-bit,"technical.city, Steam Store, official game websites"
"Warhammer 40,000: Armageddon",Intel Pentium 4 or equivalent,2 GB,OpenGL 2.0 compatible with 512 MB VRAM,2 GB,Windows Vista/7/8/10,Intel Core 2 Duo or equivalent,4 GB,OpenGL 2.0 compatible with 1 GB VRAM,2 GB SSD,Windows 10,"technical.city, Steam Store, official game websites"
"Warhammer 40,000: Space Marine",2.0Ghz Dual core CPU (any Core 2 Duo or AMD X2 or better),2 GB,NVIDIA GeForce 8800GT / AMD Radeon HD 3850,20 GB,"Windows XP SP3, Windows Vista SP1, Windows 7",Any Quad-core CPU,2 GB,NVIDIA GeForce GTX 260 / AMD Radeon HD 4870,20 GB SSD,Windows 10,"technical.city, Steam Store, official game websites"
Warhammer: Vermintide 2,Intel Core i5-2300 @ 2.80GHz / AMD FX-4350 @ 4.2GHz,6 GB,NVIDIA GeForce GTX 460 / AMD Radeon HD 5870,65 GB,Windows 10 64-bit,Intel Core i7-3770 @ 3.5GHz / AMD FX-8350 @ 4.0GHz,8 GB,NVIDIA GeForce GTX 970 / ATI Radeon R9 series,65 GB SSD,Windows 10/11 64-bit,"technical.city, Steam Store, official game websites"
Warhammer: End Times - Vermintide,Intel Core 2 Quad Q9500 @ 2.83GHz / AMD Athlon II X4 640 @ 3.00GHz,6 GB,NVIDIA GeForce GTX 460 / AMD Radeon HD 5870,50 GB,Windows 7 64-bit,Intel Core i5-2300 @ 2.80GHz / AMD FX-4350 @ 4.2GHz,8 GB,NVIDIA GeForce GTX 970 / ATI Radeon R9 series,50 GB SSD,Windows 10/11 64-bit,"technical.city, Steam Store, official game websites"
Blood Bowl 2,AMD/INTEL DUAL-CORE 2.5 GHZ,3072 MB RAM,768 MB 100% DIRECTX 10 AND SHADERS 4.0 COMPATIBLE ATI RADEON HD 5670/NVIDIA GEFORCE GTX 260,8 GB,WINDOWS VISTA/WINDOWS 7/WINDOWS 8,AMD/INTEL QUAD-CORE 3 GHZ,4096 MB RAM,1024 MB 100% DIRECTX 10 AND SHADERS 4.0 COMPATIBLE ATI RADEON HD 7850/NVIDIA GEFORCE GTX 560,8 GB SSD,WINDOWS 10,"technical.city, Steam Store, official game websites"
Blood Bowl 3,AMD FX-4350 / Intel Core i5-2500K,4 GB,AMD Radeon HD 7850 / Nvidia GeForce GTX 660,12 GB,Windows 10 64-bit,AMD FX-8350 / Intel Core i7-4790,8 GB,AMD Radeon R9 280X / Nvidia GeForce GTX 960,12 GB SSD,Windows 10/11 64-bit,"technical.city, Steam Store, official game websites"
Mordheim: City of the Damned,AMD/INTEL Dual-Core 2.4 GHz,4096 MB RAM,1024 MB DirectX 9.0c Compatible Cards,15 GB,Windows Vista/7/8/10,Intel Core i5-2300 / AMD Phenom II X4 940,8192 MB RAM,2048 MB DirectX 9.0c Compatible Cards,15 GB SSD,Windows 10,"technical.city, Steam Store, official game websites"
Battlefleet Gothic: Armada,AMD FX-4100 / Intel Core i5-2500,4096 MB RAM,"1 GB, DirectX 11, AMD Radeon HD 6850 / NVIDIA GeForce GT 440",10 GB,WINDOWS 7/8/10,AMD FX-8350 / Intel Core i5-3570,8192 MB RAM,"2 GB, DirectX 11, AMD Radeon R9 380 / NVIDIA GeForce GTX 660",10 GB SSD,WINDOWS 10,"technical.city, Steam Store, official game websites"
Battlefleet Gothic: Armada 2,AMD FX-4100 / Intel Core i5-2500,4096 MB RAM,"1 GB, DirectX 11, AMD Radeon HD 6850 / NVIDIA GeForce GT 440",10 GB,WINDOWS 7/8/10,AMD FX-8350 / Intel Core i5-3570,8192 MB RAM,"2 GB, DirectX 11, AMD Radeon R9 380 / NVIDIA GeForce GTX 660",10 GB SSD,WINDOWS 10,"technical.city, Steam Store, official game websites"
Space Hulk: Deathwing,Intel Core i5-2400/AMD FX-8320,8 GB,"2 GB, DirectX 11, AMD Radeon HD 7870 / NVIDIA GeForce GTX 660",40 GB,Windows 7/8/10 64-bit,Intel Core i7-3770/AMD FX-8350,8 GB,NVIDIA GeForce GTX 970 / AMD Radeon R9 290,40 GB SSD,Windows 10/11 64-bit,"technical.city, Steam Store, official game websites"
Space Hulk: Tactics,Intel Core i3-2100 / AMD FX-4350,4 GB,"2 GB, DirectX 11, AMD Radeon HD 6850 / NVIDIA GeForce GTX 650",10 GB,Windows 7/8/10 64-bit,Intel Core i5-3570 / AMD FX-6350,8 GB,"2 GB, DirectX 11, AMD Radeon HD 7870 / NVIDIA GeForce GTX 660",10 GB SSD,Windows 10/11 64-bit,"technical.city, Steam Store, official game websites"
Inquisitor - Martyr,Intel Core i3-2120 @ 3.3GHz / AMD Phenom II X4 965 @ 3.4GHz,4 GB,NVIDIA GeForce GTX 460 / AMD Radeon HD 6850,30 GB,Windows 7 64-bit,Intel Core i7-4770K @ 3.5GHz / AMD Ryzen 5 1500X @ 3.5GHz,8 GB,NVIDIA GeForce GTX 770 / AMD Radeon R9 280,30 GB SSD,Windows 10/11 64-bit,"technical.city, Steam Store, official game websites"
Inquisitor - Prophecy,Intel Core i3-2120 @ 3.3GHz / AMD Phenom II X4 965 @ 3.4GHz,4 GB,NVIDIA GeForce GTX 460 / AMD Radeon HD 6850,30 GB,Windows 7 64-bit,Intel Core i7-4770K @ 3.5GHz / AMD Ryzen 5 1500X @ 3.5GHz,8 GB,NVIDIA GeForce GTX 770 / AMD Radeon R9 280,30 GB SSD,Windows 10/11 64-bit,"technical.city, Steam Store, official game websites"
Chaos Gate - Daemonhunters,Intel Core i3-2100 / AMD FX-4350,4 GB,NVIDIA GeForce GTX 460 / AMD Radeon HD 6850,18 GB,Windows 7/8/10 64-bit,Intel Core i5-3570 / AMD FX-6350,8 GB,NVIDIA GeForce GTX 770 / AMD Radeon R9 280,18 GB SSD,Windows 10/11 64-bit,"technical.city, Steam Store, official game websites"
Gladius - Relics of War,Intel Core i3 or equivalent,4 GB,OpenGL 3.3 compatible with 1 GB VRAM,4 GB,Windows 7/8/10 64-bit,Intel Core i5 or equivalent,8 GB,OpenGL 3.3 compatible with 2 GB VRAM,4 GB SSD,Windows 10/11 64-bit,"technical.city, Steam Store, official game websites"
Sanctus Reach,Intel Core i3 or equivalent,4 GB,OpenGL 3.3 compatible with 1 GB VRAM,2 GB,Windows 7/8/10 64-bit,Intel Core i5 or equivalent,8 GB,OpenGL 3.3 compatible with 2 GB VRAM,2 GB SSD,Windows 10/11 64-bit,"technical.city, Steam Store, official game websites"
Armageddon,Intel Pentium 4 or equivalent,2 GB,OpenGL 2.0 compatible with 512 MB VRAM,2 GB,Windows Vista/7/8/10,Intel Core 2 Duo or equivalent,4 GB,OpenGL 2.0 compatible with 1 GB VRAM,2 GB SSD,Windows 10,"technical.city, Steam Store, official game websites"
Regicide,Intel Core 2 Duo 2.4 GHz / AMD Athlon X2 2.8 GHz,2 GB,NVIDIA GeForce 8800 GT / ATI Radeon HD 4850,4 GB,Windows 7/8/10,Intel Core i5 / AMD FX-6300,4 GB,NVIDIA GeForce GTX 560 / AMD Radeon HD 6870,4 GB SSD,Windows 10,"technical.city, Steam Store, official game websites"
Deathwatch,Intel Core 2 Duo 2.4 GHz / AMD Athlon X2 2.8 GHz,2 GB,NVIDIA GeForce 8800 GT / ATI Radeon HD 4850,4 GB,Windows 7/8/10,Intel Core i5 / AMD FX-6300,4 GB,NVIDIA GeForce GTX 560 / AMD Radeon HD 6870,4 GB SSD,Windows 10,"technical.city, Steam Store, official game websites"
Storm of Vengeance,Intel Core 2 Duo 2.4 GHz / AMD Athlon X2 2.8 GHz,2 GB,NVIDIA GeForce 8800 GT / ATI Radeon HD 4850,4 GB,Windows 7/8/10,Intel Core i5 / AMD FX-6300,4 GB,NVIDIA GeForce GTX 560 / AMD Radeon HD 6870,4 GB SSD,Windows 10,"technical.city, Steam Store, official game websites"
Kill Team,Intel Core 2 Duo 2.4 GHz / AMD Athlon X2 2.8 GHz,2 GB,NVIDIA GeForce 8800 GT / ATI Radeon HD 4850,4 GB,Windows 7/8/10,Intel Core i5 / AMD FX-6300,4 GB,NVIDIA GeForce GTX 560 / AMD Radeon HD 6870,4 GB SSD,Windows 10,"technical.city, Steam Store, official game websites"
Fire Warrior,Intel Pentium 4 2.0 GHz / AMD Athlon XP 2000+,512 MB,64 MB video card with DirectX 9.0c support,2 GB,Windows 98/ME/2000/XP,Intel Pentium 4 3.0 GHz / AMD Athlon XP 3000+,1 GB,128 MB video card with DirectX 9.0c support,2 GB SSD,Windows 10,"technical.city, Steam Store, official game websites"
Rites of War,Intel Pentium 4 1.5 GHz / AMD Athlon XP 1500+,256 MB,32 MB video card with DirectX 8.1 support,500 MB,Windows 98/ME/2000/XP,Intel Pentium 4 2.0 GHz / AMD Athlon XP 2000+,512 MB,64 MB video card with DirectX 8.1 support,500 MB SSD,Windows 10,"technical.city, Steam Store, official game websites"
Final Liberation,Intel Pentium 4 1.0 GHz / AMD Athlon XP 1000+,128 MB,16 MB video card with DirectX 7.0 support,300 MB,Windows 95/98/ME/2000,Intel Pentium 4 1.5 GHz / AMD Athlon XP 1500+,256 MB,32 MB video card with DirectX 7.0 support,300 MB SSD,Windows 10,"technical.city, Steam Store, official game websites"
Shadow of the Horned Rat,Intel Pentium 4 1.0 GHz / AMD Athlon XP 1000+,128 MB,16 MB video card with DirectX 7.0 support,300 MB,Windows 95/98/ME/2000,Intel Pentium 4 1.5 GHz / AMD Athlon XP 1500+,256 MB,32 MB video card with DirectX 7.0 support,300 MB SSD,Windows 10,"technical.city, Steam Store, official game websites"
Dark Omen,Intel Pentium 4 1.0 GHz / AMD Athlon XP 1000+,128 MB,16 MB video card with DirectX 7.0 support,300 MB,Windows 95/98/ME/2000,Intel Pentium 4 1.5 GHz / AMD Athlon XP 1500+,256 MB,32 MB video card with DirectX 7.0 support,300 MB SSD,Windows 10,"technical.city, Steam Store, official game websites"
Space Crusade,Intel Pentium 4 1.0 GHz / AMD Athlon XP 1000+,128 MB,16 MB video card with DirectX 7.0 support,300 MB,Windows 95/98/ME/2000,Intel Pentium 4 1.5 GHz / AMD Athlon XP 1500+,256 MB,32 MB video card with DirectX 7.0 support,300 MB SSD,Windows 10,"technical.city, Steam Store, official game websites"
Epic,Intel Pentium 4 1.0 GHz / AMD Athlon XP 1000+,128 MB,16 MB video card with DirectX 7.0 support,300 MB,Windows 95/98/ME/2000,Intel Pentium 4 1.5 GHz / AMD Athlon XP 1500+,256 MB,32 MB video card with DirectX 7.0 support,300 MB SSD,Windows 10,"technical.city, Steam Store, official game websites"
Gorkamorka,Intel Pentium 4 1.0 GHz / AMD Athlon XP 1000+,128 MB,16 MB video card with DirectX 7.0 support,300 MB,Windows 95/98/ME/2000,Intel Pentium 4 1.5 GHz / AMD Athlon XP 1500+,256 MB,32 MB video card with DirectX 7.0 support,300 MB SSD,Windows 10,"technical.city, Steam Store, official game websites"
Warhammer Online,Intel Pentium 4 2.5 GHz / AMD Athlon XP 2500+,1 GB,128 MB video card with DirectX 9.0c support,15 GB,Windows XP/Vista,Intel Core 2 Duo 2.0 GHz / AMD Athlon X2 2.0 GHz,2 GB,256 MB video card with DirectX 9.0c support,15 GB SSD,Windows 10,"technical.city, Steam Store, official game websites"
Mark of Chaos,Intel Pentium 4 2.4 GHz / AMD Athlon XP 2400+,1 GB,128 MB video card with DirectX 9.0c support,6 GB,Windows XP/Vista,Intel Core 2 Duo 2.0 GHz / AMD Athlon X2 2.0 GHz,2 GB,256 MB video card with DirectX 9.0c support,6 GB SSD,Windows 10,"technical.city, Steam Store, official game websites"
Battle March,Intel Pentium 4 2.4 GHz / AMD Athlon XP 2400+,1 GB,128 MB video card with DirectX 9.0c support,6 GB,Windows XP/Vista,Intel Core 2 Duo 2.0 GHz / AMD Athlon X2 2.0 GHz,2 GB,256 MB video card with DirectX 9.0c support,6 GB SSD,Windows 10,"technical.city, Steam Store, official game websites"
Dark Millennium Online,Intel Pentium 4 2.5 GHz / AMD Athlon XP 2500+,1 GB,128 MB video card with DirectX 9.0c support,15 GB,Windows XP/Vista,Intel Core 2 Duo 2.0 GHz / AMD Athlon X2 2.0 GHz,2 GB,256 MB video card with DirectX 9.0c support,15 GB SSD,Windows 10,"technical.city, Steam Store, official game websites"
Wrath & Glory,Intel Core i3-2100 / AMD FX-4350,4 GB,NVIDIA GeForce GTX 460 / AMD Radeon HD 6850,10 GB,Windows 7/8/10 64-bit,Intel Core i5-3570 / AMD FX-6350,8 GB,NVIDIA GeForce GTX 770 / AMD Radeon R9 280,10 GB SSD,Windows 10/11 64-bit,"technical.city, Steam Store, official game websites"
Only War,Intel Core i3-2100 / AMD FX-4350,4 GB,NVIDIA GeForce GTX 460 / AMD Radeon HD 6850,10 GB,Windows 7/8/10 64-bit,Intel Core i5-3570 / AMD FX-6350,8 GB,NVIDIA GeForce GTX 770 / AMD Radeon R9 280,10 GB SSD,Windows 10/11 64-bit,"technical.city, Steam Store, official game websites"
Rogue Trader,Intel Core i3-2100 / AMD FX-4350,4 GB,NVIDIA GeForce GTX 460 / AMD Radeon HD 6850,10 GB,Windows 7/8/10 64-bit,Intel Core i5-3570 / AMD FX-6350,8 GB,NVIDIA GeForce GTX 770 / AMD Radeon R9 280,10 GB SSD,Windows 10/11 64-bit,"technical.city, Steam Store, official game websites"
Deathwatch RPG,Intel Core i3-2100 / AMD FX-4350,4 GB,NVIDIA GeForce GTX 460 / AMD Radeon HD 6850,10 GB,Windows 7/8/10 64-bit,Intel Core i5-3570 / AMD FX-6350,8 GB,NVIDIA GeForce GTX 770 / AMD Radeon R9 280,10 GB SSD,Windows 10/11 64-bit,"technical.city, Steam Store, official game websites"
Black Crusade,Intel Core i3-2100 / AMD FX-4350,4 GB,NVIDIA GeForce GTX 460 / AMD Radeon HD 6850,10 GB,Windows 7/8/10 64-bit,Intel Core i5-3570 / AMD FX-6350,8 GB,NVIDIA GeForce GTX 770 / AMD Radeon R9 280,10 GB SSD,Windows 10/11 64-bit,"technical.city, Steam Store, official game websites"
Dark Heresy,Intel Core i3-2100 / AMD FX-4350,4 GB,NVIDIA GeForce GTX 460 / AMD Radeon HD 6850,10 GB,Windows 7/8/10 64-bit,Intel Core i5-3570 / AMD FX-6350,8 GB,NVIDIA GeForce GTX 770 / AMD Radeon R9 280,10 GB SSD,Windows 10/11 64-bit,"technical.city, Steam Store, official game websites"
Deathwatch,Intel Core i3-2100 / AMD FX-4350,4 GB,NVIDIA GeForce GTX 460 / AMD Radeon HD 6850,10 GB,Windows 7/8/10 64-bit,Intel Core i5-3570 / AMD FX-6350,8 GB,NVIDIA GeForce GTX 770 / AMD Radeon R9 280,10 GB SSD,Windows 10/11 64-bit,"technical.city, Steam Store, official game websites"
The Witcher,Intel Pentium 4 2.4 GHz / AMD Athlon 64 2800+,1 GB,NVIDIA GeForce 6600 / ATI Radeon 9800,8.5 GB,Windows XP/Vista,Intel Core 2 Duo 2.13 GHz / AMD Athlon 64 X2 5000+,2 GB,NVIDIA GeForce 7900 GTX / ATI Radeon X1950 PRO,8.5 GB SSD,Windows 10,"technical.city, Steam Store, official game websites"
The Witcher 2: Assassins of Kings,Core 2 Duo 2.2 GHz / AMD Athlon 64 X2 5000+,1.5 GB,NVIDIA GeForce 8800 / ATI Radeon HD 3850,16 GB,Windows XP/Vista/7,Core 2 Quad / AMD Phenom II X4,3 GB,NVIDIA GeForce GTX 260 / ATI Radeon HD 4850,16 GB SSD,Windows 10,"technical.city, Steam Store, official game websites"
The Witcher 3: Wild Hunt,Intel CPU Core i5-2500K 3.3GHz / AMD CPU Phenom II X4 940,6 GB,Nvidia GPU GeForce GTX 660 / AMD GPU Radeon HD 7870,35 GB,Windows 7/8/8.1/10 64-bit,Intel CPU Core i7 3770 3.4 GHz / AMD CPU AMD FX-8350 4 GHz,8 GB,Nvidia GPU GeForce GTX 770 / AMD GPU Radeon R9 290,35 GB SSD,Windows 7/8/8.1/10 64-bit,"technical.city, Steam Store, official game websites"
Cyberpunk 2077,Core i5-3570K / FX-8310,8 GB,GTX 970 / Radeon RX 470,70 GB,Windows 10 64-bit,Core i7-4790 / Ryzen 3 3200G,12 GB,GTX 1060 6GB / Radeon RX 570,70 GB SSD,Windows 10/11 64-bit,"technical.city, Steam Store, official game websites"
Baldur's Gate 3,Intel I5 4690 / AMD FX 4350,8 GB,Nvidia GTX 970 / AMD RX 480,150 GB,Windows 10 64-bit,Intel i7 8700K / AMD r5 3600,16 GB,Nvidia 2060 Super / AMD RX 5700,150 GB SSD,Windows 10/11 64-bit,"technical.city, Steam Store, official game websites"
Divinity: Original Sin 2,Intel Core i5 or equivalent,4 GB,NVIDIA GeForce GTX 550 / ATI Radeon HD 6XXX or better,25 GB,Windows 7 SP1 64-bit,Intel Core i7 or equivalent,8 GB,NVIDIA GeForce GTX 770 / AMD Radeon R9 280,25 GB SSD,Windows 10/11 64-bit,"technical.city, Steam Store, official game websites"
Divinity: Original Sin,Intel Core 2 Duo @ 1.8 GHz / AMD Athlon 64 X2 @ 1.8 GHz,4 GB,NVIDIA GeForce 8800 GT / ATI Radeon HD 4850,10 GB,Windows XP SP3 or higher,Intel Core 2 Duo @ 2.6 GHz / AMD Athlon 64 X2 @ 2.6 GHz,6 GB,NVIDIA GeForce GTX 550 Ti / ATI Radeon HD 6XXX or higher,10 GB SSD,Windows 10,"technical.city, Steam Store, official game websites"
Pillars of Eternity,Intel Core i3-2100T @ 2.50 GHz / AMD Phenom II X3 B73,4 GB,ATI Radeon HD 4850 / NVIDIA GeForce 9600 GT,14 GB,Windows Vista 64-bit or newer,Intel Core i5-2400 @ 3.10 GHz / AMD Phenom II X6 1100T,8 GB,Radeon HD 7700 / NVIDIA GeForce GTX 570,14 GB SSD,Windows 10,"technical.city, Steam Store, official game websites"
Pillars of Eternity II: Deadfire,Intel Core i3-2100T @ 2.50 GHz / AMD Phenom II X3 B73,4 GB,ATI Radeon HD 4850 / NVIDIA GeForce 9600 GT,45 GB,Windows Vista 64-bit or newer,Intel Core i5-2400 @ 3.10 GHz / AMD Phenom II X6 1100T,8 GB,Radeon HD 7700 / NVIDIA GeForce GTX 570,45 GB SSD,Windows 10,"technical.city, Steam Store, official game websites"
Pathfinder: Kingmaker,Intel Celeron 1037U @ 1.80GHz,4 GB,Intel HD Graphics 3000,30 GB,Windows 7 64-bit,Intel Core i7 CPU 920 @ 2.67GHz,8 GB,ATI Radeon HD 5770 / NVIDIA GeForce GTX 960M,30 GB SSD,Windows 10/11 64-bit,"technical.city, Steam Store, official game websites"
Pathfinder: Wrath of the Righteous,Intel Core i3-2310M CPU @ 2.10GHz,6 GB,Intel HD Graphics 3000,50 GB,Windows 7 64-bit,Intel Core i7 CPU 920 @ 2.67GHz,8 GB,ATI Radeon HD 5770 / NVIDIA GeForce GTX 960M,50 GB SSD,Windows 10/11 64-bit,"technical.city, Steam Store, official game websites"
Tyranny,Intel Core 2 Quad Q9505 @ 2.80 GHz / AMD Athlon II X4 840 @ 3.10 GHz,6 GB,ATi Radeon HD 5770 / NVIDIA GeForce GTS 450,15 GB,Windows 7 64-bit,Intel Core i5-2400 @ 3.10 GHz / AMD FX-4350 @ 4.2 GHz,8 GB,Radeon HD 7700 / NVIDIA GeForce GTX 570,15 GB SSD,Windows 10/11 64-bit,"technical.city, Steam Store, official game websites"
Torment: Tides of Numenera,Intel Core i3 or equivalent,4 GB,NVIDIA GeForce GTX 460 / ATI Radeon HD 4850,20 GB,Windows 7/8/8.1/10 64-bit,Intel Core i5 or equivalent,8 GB,NVIDIA GeForce GTX 560 / ATI Radeon HD 6870,20 GB SSD,Windows 10/11 64-bit,"technical.city, Steam Store, official game websites"
Planescape: Torment - Enhanced Edition,1 GHz,512 MB,OpenGL 2.0 compatible,2 GB,Windows XP/Vista/7/8/10,1.5 GHz,1 GB,OpenGL 2.0 compatible,2 GB SSD,Windows 10,"technical.city, Steam Store, official game websites"
Icewind Dale: Enhanced Edition,1 GHz,512 MB,OpenGL 2.0 compatible,2 GB,Windows XP/Vista/7/8/10,1.5 GHz,1 GB,OpenGL 2.0 compatible,2 GB SSD,Windows 10,"technical.city, Steam Store, official game websites"
Baldur's Gate: Enhanced Edition,1 GHz,512 MB,OpenGL 2.0 compatible,3 GB,Windows XP/Vista/7/8/10,1.5 GHz,1 GB,OpenGL 2.0 compatible,3 GB SSD,Windows 10,"technical.city, Steam Store, official game websites"
Baldur's Gate II: Enhanced Edition,1 GHz,512 MB,OpenGL 2.0 compatible,4 GB,Windows XP/Vista/7/8/10,1.5 GHz,1 GB,OpenGL 2.0 compatible,4 GB SSD,Windows 10,"technical.city, Steam Store, official game websites"
Neverwinter Nights: Enhanced Edition,2.4 GHz,4 GB,ATI Radeon HD 4850 / NVIDIA GeForce 9600 GT,10 GB,Windows 7/8/8.1/10,3.0 GHz,8 GB,Radeon HD 7700 / NVIDIA GeForce GTX 570,10 GB SSD,Windows 10,"technical.city, Steam Store, official game websites"
Neverwinter Nights 2,3.0 GHz Intel Pentium 4 / AMD Athlon 64 X2 3800+,1 GB,ATI Radeon X800 series / NVIDIA GeForce 6800 series,10 GB,Windows XP/Vista,Intel Core 2 Duo / AMD Athlon X2,2 GB,ATI Radeon HD 3850 / NVIDIA GeForce 8800 GT,10 GB SSD,Windows 10,"technical.city, Steam Store, official game websites"
Dragon Age: Origins,Intel Core 2 (or equivalent) running at 1.6Ghz or greater / AMD Athlon 64 X2 (or equivalent) running at 1.8Ghz or greater,1 GB,ATI Radeon X850 256MB / NVIDIA GeForce 6600 GT 128MB,20 GB,Windows XP/Vista,Intel Core 2 Quad 2.4Ghz Processor / AMD Phenom II X3 Triple core 2.8 GHz,2 GB,ATI 3850 512 MB / NVIDIA 8800GTS 512 MB,20 GB SSD,Windows 10,"technical.city, Steam Store, official game websites"
Dragon Age II,Intel Core 2 Duo (or equivalent) running at 1.8 GHz / AMD Athlon 64 X2 (or equivalent) running at 1.8 GHz,1 GB,ATI Radeon HD 2600 Pro 256 MB / NVIDIA GeForce 7900 GS 256 MB,7 GB,Windows XP/Vista/7,Intel Core 2 Quad 2.4 GHz / AMD Phenom II X3 2.8 GHz,2 GB,ATI Radeon HD 4850 512 MB / NVIDIA GeForce 9800 GT 512 MB,7 GB SSD,Windows 10,"technical.city, Steam Store, official game websites"
Dragon Age: Inquisition,AMD quad core CPU @ 2.5 GHz / Intel quad core CPU @ 2.0 GHz,4 GB,ATI Radeon HD 4870 / NVIDIA GeForce 8800 GT,26 GB,Windows 7/8.1 64-bit,AMD six core CPU @ 3.2 GHz / Intel quad core CPU @ 3.0 GHz,8 GB,Radeon HD 7870 / GeForce GTX 660,26 GB SSD,Windows 10/11 64-bit,"technical.city, Steam Store, official game websites"
Mass Effect Legendary Edition,Intel Core i5 3570 / AMD FX-8350,8 GB,"NVIDIA GTX 760, AMD Radeon 7970 / R9280X",120 GB,Windows 10 64-bit,Intel Core i7-7700 / AMD Ryzen 7 3700X,16 GB,"NVIDIA GTX 1070 / RTX 2060, AMD Radeon Vega 56",120 GB SSD,Windows 10/11 64-bit,"technical.city, Steam Store, official game websites"
Mass Effect: Andromeda,Intel Core i5 3570 / AMD FX-6350,8 GB,"NVIDIA GTX 660 2GB, AMD Radeon 7850 2GB",55 GB,Windows 7/8.1/10 64-bit,Intel Core i7-4790 / AMD FX-8350,16 GB,"NVIDIA GTX 1060 3GB, AMD RX 480",55 GB SSD,Windows 10/11 64-bit,"technical.city, Steam Store, official game websites"
Mass Effect 3,1.8 GHz Intel Core 2 Duo / AMD Athlon 64 X2,2 GB,256 MB ATI Radeon HD 4850 / 256 MB NVIDIA GeForce 8800 GT,15 GB,Windows XP SP3/Vista SP1/7,2.4 GHz Intel Core 2 Duo / AMD Athlon 64 X2,4 GB,ATI Radeon HD 5870 / NVIDIA GeForce GTX 470,15 GB SSD,Windows 10,"technical.city, Steam Store, official game websites"
Mass Effect 2,1.8 GHz Intel Core 2 Duo / AMD Athlon 64 X2,1 GB,256 MB ATI Radeon HD 2900 XT / 256 MB NVIDIA GeForce 8800 GT,15 GB,Windows XP SP3/Vista SP1/7,2.6 GHz Intel Core 2 Duo / AMD Athlon 64 X2,2 GB,ATI Radeon HD 4870 / NVIDIA GeForce GTX 260,15 GB SSD,Windows 10,"technical.city, Steam Store, official game websites"
Mass Effect,2.4 GHz Intel Pentium 4 / AMD equivalent,1 GB,ATI Radeon X1300 XT / NVIDIA GeForce 6800 GT,12 GB,Windows XP/Vista,Intel Core 2 Duo / AMD Athlon 64 X2,2 GB,ATI Radeon HD 2900 XT / NVIDIA GeForce 8800 GT,12 GB SSD,Windows 10,"technical.city, Steam Store, official game websites"
Jade Empire,Intel Pentium 4 1.8 GHz / AMD Athlon XP 1800+,256 MB,NVIDIA GeForce 6200 / ATI Radeon X300,6 GB,Windows XP,Intel Pentium 4 2.4 GHz / AMD Athlon XP 2400+,512 MB,NVIDIA GeForce 6600 / ATI Radeon X600,6 GB SSD,Windows 10,"technical.city, Steam Store, official game websites"
Knights of the Old Republic,Intel Pentium 3 1 GHz / AMD Athlon 1 GHz,256 MB,32 MB video card with Hardware T&L,3.5 GB,Windows 98/ME/2000/XP,Intel Pentium 4 1.5 GHz / AMD Athlon XP 1500+,512 MB,64 MB video card with Hardware T&L,3.5 GB SSD,Windows 10,"technical.city, Steam Store, official game websites"
Knights of the Old Republic II,Intel Pentium 3 1 GHz / AMD Athlon 1 GHz,256 MB,32 MB video card with Hardware T&L,4.5 GB,Windows 98/ME/2000/XP,Intel Pentium 4 1.5 GHz / AMD Athlon XP 1500+,512 MB,64 MB video card with Hardware T&L,4.5 GB SSD,Windows 10,"technical.city, Steam Store, official game websites"
The Elder Scrolls V: Skyrim,Dual Core 2.0 GHz,2 GB,NVIDIA GeForce 7600 GS / ATI Radeon X1950 Pro,6 GB,Windows 7/Vista/XP,Quad-core Intel/AMD CPU,4 GB,NVIDIA GTX 260 / ATI Radeon HD 4890,6 GB SSD,Windows 10,"technical.city, Steam Store, official game websites"
The Elder Scrolls V: Skyrim Special Edition,Intel i5-750/AMD Phenom II X4-945,8 GB,NVIDIA GTX 470 1GB /AMD HD 7870 2GB,12 GB,Windows 7/8.1/10 64-bit,Intel i5-2400/AMD FX-8320,8 GB,NVIDIA GTX 780 3GB /AMD R9 290 4GB,12 GB SSD,Windows 10/11 64-bit,"technical.city, Steam Store, official game websites"
The Elder Scrolls V: Skyrim VR,Intel Core i5-6600K / AMD Ryzen 5 1400,8 GB,NVIDIA GTX 970 / AMD Radeon RX 480,15 GB,Windows 7/8.1/10 64-bit,Intel Core i7-4790 / AMD Ryzen 5 1500X,16 GB,NVIDIA GTX 1070 / AMD Radeon RX Vega 56,15 GB SSD,Windows 10/11 64-bit,"technical.city, Steam Store, official game websites"
The Elder Scrolls IV: Oblivion,2 GHz Intel Pentium 4 / AMD equivalent,512 MB,128 MB Direct3D compatible video card,4.6 GB,Windows XP,3 GHz Intel Pentium 4 / AMD equivalent,1 GB,256 MB Direct3D compatible video card,4.6 GB SSD,Windows 10,"technical.city, Steam Store, official game websites"
The Elder Scrolls III: Morrowind,500 MHz Intel Pentium III / AMD equivalent,256 MB,32 MB Direct3D compatible video card,1 GB,Windows ME/98/XP/2000,1 GHz Intel Pentium III / AMD equivalent,512 MB,64 MB Direct3D compatible video card,1 GB SSD,Windows 10,"technical.city, Steam Store, official game websites"
The Elder Scrolls Online,Intel Core i3 540 / AMD A6-3620,3 GB,Direct X 9.0 compliant video card with 512MB of RAM,85 GB,Windows 7/8/10,Intel Core i5 2500K / AMD FX-8320,8 GB,Direct X 11 compliant video card with 2GB of RAM,85 GB SSD,Windows 10/11,"technical.city, Steam Store, official game websites"
Fallout 4,Intel Core i5-2300 2.8 GHz/AMD Phenom II X4 945 3.0 GHz,8 GB,NVIDIA GTX 550 Ti 2GB/AMD Radeon HD 7870 2GB,30 GB,Windows 7/8/10 64-bit,Intel Core i7 4790 3.6 GHz/AMD FX-9590 4.7 GHz,8 GB,NVIDIA GTX 780 3GB/AMD Radeon R9 290X 4GB,30 GB SSD,Windows 10/11 64-bit,"technical.city, Steam Store, official game websites"
Fallout 76,Intel Core i5-6600k 3.5 GHz / AMD Ryzen 3 1300X 3.5 GHz,8 GB,NVIDIA GTX 780 3GB / AMD Radeon R9 285 2GB,80 GB,Windows 7/8.1/10 64-bit,Intel Core i5-8400 2.8 GHz / AMD Ryzen 3 3100 3.6 GHz,16 GB,NVIDIA GTX 970 4GB / AMD Radeon R9 290X 4GB,80 GB SSD,Windows 10/11 64-bit,"technical.city, Steam Store, official game websites"
Fallout: New Vegas,Dual Core 2.0 GHz,2 GB,NVIDIA GeForce 6800 / ATI Radeon x1300,10 GB,Windows 7/Vista/XP,Intel Core 2 Duo / AMD equivalent,4 GB,NVIDIA GTX 260 / ATI Radeon HD 4870,10 GB SSD,Windows 10,"technical.city, Steam Store, official game websites"
Fallout 3,2.4 GHz Intel Pentium 4 / AMD equivalent,1 GB,NVIDIA GeForce 6800 / ATI Radeon x1300,7 GB,Windows XP/Vista,Intel Core 2 Duo / AMD equivalent,2 GB,NVIDIA GTX 260 / ATI Radeon HD 4870,7 GB SSD,Windows 10,"technical.city, Steam Store, official game websites"
Fallout 2,Intel Pentium 4 1.0 GHz / AMD Athlon XP 1000+,256 MB,16 MB video card with DirectX 7.0 support,600 MB,Windows 95/98/ME/2000,Intel Pentium 4 1.5 GHz / AMD Athlon XP 1500+,512 MB,32 MB video card with DirectX 7.0 support,600 MB SSD,Windows 10,"technical.city, Steam Store, official game websites"
Fallout,Intel Pentium 4 1.0 GHz / AMD Athlon XP 1000+,256 MB,16 MB video card with DirectX 7.0 support,600 MB,Windows 95/98/ME/2000,Intel Pentium 4 1.5 GHz / AMD Athlon XP 1500+,512 MB,32 MB video card with DirectX 7.0 support,600 MB SSD,Windows 10,"technical.city, Steam Store, official game websites"
Fallout Tactics,Intel Pentium 4 1.0 GHz / AMD Athlon XP 1000+,256 MB,16 MB video card with DirectX 7.0 support,600 MB,Windows 95/98/ME/2000,Intel Pentium 4 1.5 GHz / AMD Athlon XP 1500+,512 MB,32 MB video card with DirectX 7.0 support,600 MB SSD,Windows 10,"technical.city, Steam Store, official game websites"
Fallout: Brotherhood of Steel,Intel Pentium 4 1.0 GHz / AMD Athlon XP 1000+,256 MB,16 MB video card with DirectX 7.0 support,600 MB,Windows 95/98/ME/2000,Intel Pentium 4 1.5 GHz / AMD Athlon XP 1500+,512 MB,32 MB video card with DirectX 7.0 support,600 MB SSD,Windows 10,"technical.city, Steam Store, official game websites"
Fallout Shelter,Intel Core 2 Quad CPU Q9550 @ 2.83GHz / AMD Phenom II X4 940 @ 3.0GHz,2 GB,NVIDIA GeForce GTS 250 / ATI Radeon HD 6970,5 GB,Windows 7 64-bit,Intel Core i5-2300 2.8 GHz / AMD Phenom II X4 945 3.0 GHz,4 GB,NVIDIA GTX 550 Ti / AMD Radeon HD 7870,5 GB SSD,Windows 10/11 64-bit,"technical.city, Steam Store, official game websites"
Wasteland 3,Intel Core i5-2380P / AMD FX-4300,8 GB,NVIDIA GeForce GTX 760 / Radeon HD 7970,55 GB,Windows 10 64-bit,Intel Core i7-3770 / AMD FX-9590,16 GB,NVIDIA GeForce GTX 1060 / Radeon RX 480,55 GB SSD,Windows 10/11 64-bit,"technical.city, Steam Store, official game websites"
Wasteland 2,Intel Core 2 Duo / AMD Athlon X2,4 GB,NVIDIA GeForce 260 / ATI Radeon HD 4850,30 GB,Windows 7/8/8.1/10,Intel Core i5 / AMD FX-6300,8 GB,NVIDIA GeForce GTX 460 / ATI Radeon HD 5850,30 GB SSD,Windows 10,"technical.city, Steam Store, official game websites"
Wasteland 1: The Original Classic,Intel Pentium 4 1.0 GHz / AMD Athlon XP 1000+,256 MB,16 MB video card with DirectX 7.0 support,100 MB,Windows 95/98/ME/2000,Intel Pentium 4 1.5 GHz / AMD Athlon XP 1500+,512 MB,32 MB video card with DirectX 7.0 support,100 MB SSD,Windows 10,"technical.city, Steam Store, official game websites"
Underrail,Intel Core 2 Duo / AMD Athlon X2,2 GB,NVIDIA GeForce 6600 / ATI Radeon X1300,6 GB,Windows XP,Intel Core i3 / AMD FX-6300,4 GB,NVIDIA GeForce 8800 GT / ATI Radeon HD 4850,6 GB SSD,Windows 10,"technical.city, Steam Store, official game websites"
Atom RPG,Intel Core 2 Duo / AMD Athlon X2,4 GB,NVIDIA GeForce 6600 / ATI Radeon X1300,5 GB,Windows 64-bit (7/8/8.1/10),Intel Core i5 / AMD FX-6300,8 GB,NVIDIA GeForce 8800 GT / ATI Radeon HD 4850,5 GB SSD,Windows 10,"technical.city, Steam Store, official game websites"
ATOM RPG Trudograd,Intel Core 2 Duo / AMD Athlon X2,4 GB,NVIDIA GeForce 6600 / ATI Radeon X1300,10 GB,Windows 64-bit (7/8/8.1/10),Intel Core i5 / AMD FX-6300,8 GB,NVIDIA GeForce 8800 GT / ATI Radeon HD 4850,10 GB SSD,Windows 10,"technical.city, Steam Store, official game websites"
Encased,Intel Core i5-2380P / AMD FX-4300,6 GB,NVIDIA GeForce GTX 760 / Radeon HD 7970,20 GB,Windows 64-bit (7/8/8.1/10),Intel Core i7-3770 / AMD FX-9590,12 GB,NVIDIA GeForce GTX 1060 / Radeon RX 480,20 GB SSD,Windows 10,"technical.city, Steam Store, official game websites"
Colony Ship,Intel Core i5-2380P / AMD FX-4300,6 GB,NVIDIA GeForce GTX 760 / Radeon HD 7970,10 GB,Windows 64-bit (7/8/8.1/10),Intel Core i7-3770 / AMD FX-9590,12 GB,NVIDIA GeForce GTX 1060 / Radeon RX 480,10 GB SSD,Windows 10,"technical.city, Steam Store, official game websites"
Age of Decadence,Intel Core 2 Duo / AMD Athlon X2,2 GB,NVIDIA GeForce 6600 / ATI Radeon X1300,3 GB,Windows XP/Vista/Windows 7/Windows 8/Windows 10,Intel Core i3 / AMD FX-6300,4 GB,NVIDIA GeForce 8800 GT / ATI Radeon HD 4850,3 GB SSD,Windows 10,"technical.city, Steam Store, official game websites"
Druidstone: The Secret of the Menhir Forest,Intel Core i3-2100 / AMD FX-4350,4 GB,NVIDIA GeForce GTX 460 / AMD Radeon HD 6850,2 GB,Windows 7 64-bit,Intel Core i5-3570 / AMD FX-6350,8 GB,NVIDIA GeForce GTX 770 / AMD Radeon R9 280,2 GB SSD,Windows 10/11 64-bit,"technical.city, Steam Store, official game websites"
Fell Seal: Arbiter's Mark,Intel Core i3-2100 / AMD FX-4350,4 GB,NVIDIA GeForce GTX 460 / AMD Radeon HD 6850,3 GB,Windows 7 64-bit,Intel Core i5-3570 / AMD FX-6350,8 GB,NVIDIA GeForce GTX 770 / AMD Radeon R9 280,3 GB SSD,Windows 10/11 64-bit,"technical.city, Steam Store, official game websites"
Battle Brothers,Intel Core 2 Duo / AMD Athlon X2,2 GB,NVIDIA GeForce 6600 / ATI Radeon X1300,2 GB,Windows XP/Vista/Windows 7/Windows 8/Windows 10,Intel Core i3 / AMD FX-6300,4 GB,NVIDIA GeForce 8800 GT / ATI Radeon HD 4850,2 GB SSD,Windows 10,"technical.city, Steam Store, official game websites"
Wartales,Intel Core i5-2380P / AMD FX-4300,6 GB,NVIDIA GeForce GTX 760 / Radeon HD 7970,20 GB,Windows 7 64-bit,Intel Core i7-3770 / AMD FX-9590,12 GB,NVIDIA GeForce GTX 1060 / Radeon RX 480,20 GB SSD,Windows 10/11 64-bit,"technical.city, Steam Store, official game websites"
Kenshi,64-bit Windows,6 GB,NVIDIA GeForce GTX 460 / AMD Radeon HD 6850,14 GB,Windows 64-bit,64-bit Windows,16 GB,NVIDIA GeForce GTX 760 / AMD Radeon R9 280,14 GB SSD,Windows 10/11 64-bit,"technical.city, Steam Store, official game websites"
Mount & Blade II: Bannerlord,Intel Core i3-8100 / AMD Ryzen 3 1200,6 GB,Intel UHD Graphics 630 / NVIDIA GeForce GTX 660 / AMD Radeon HD 7850,60 GB,Windows 7 64-bit,Intel Core i5-9600K / AMD Ryzen 5 3600X,8 GB,NVIDIA GeForce GTX 1060 / AMD Radeon RX 580,60 GB SSD,Windows 10/11 64-bit,"technical.city, Steam Store, official game websites"
Mount & Blade: Warband,Intel Pentium 4 2.0 GHz / AMD Athlon XP 2000+,512 MB,64 MB video card with DirectX 9.0c support,1.2 GB,Windows XP/Vista/Windows 7,Intel Core 2 Duo 2.0 GHz / AMD Athlon X2 2.0 GHz,1 GB,128 MB video card with DirectX 9.0c support,1.2 GB SSD,Windows 10,"technical.city, Steam Store, official game websites"
Mount & Blade: With Fire & Sword,Intel Pentium 4 2.0 GHz / AMD Athlon XP 2000+,512 MB,64 MB video card with DirectX 9.0c support,1.5 GB,Windows XP/Vista/Windows 7,Intel Core 2 Duo 2.0 GHz / AMD Athlon X2 2.0 GHz,1 GB,128 MB video card with DirectX 9.0c support,1.5 GB SSD,Windows 10,"technical.city, Steam Store, official game websites"
Mount & Blade,Intel Pentium 4 2.0 GHz / AMD Athlon XP 2000+,512 MB,64 MB video card with DirectX 9.0c support,800 MB,Windows 2000/XP/Vista,Intel Core 2 Duo 2.0 GHz / AMD Athlon X2 2.0 GHz,1 GB,128 MB video card with DirectX 9.0c support,800 MB SSD,Windows 10,"technical.city, Steam Store, official game websites"
Conan Exiles,Intel Quad Core i5-2500 or AMD FX-6300,6 GB,Nvidia GeForce GTX 560 Ti or AMD Radeon HD 6870,50 GB,Windows 7/8/10 64-bit,Intel Quad Core i5/i7 3.3 GHz or AMD Ryzen 7 1700,8 GB,Nvidia GeForce GTX 780 Ti/970 (High settings) and 1070 (Ultra settings) or AMD R9 290/AMD RX480 (High settings),50 GB SSD,Windows 10/11 64-bit,"technical.city, Steam Store, official game websites"
ARK: Survival Evolved,2 GHz Dual-Core 64-bit CPU,4 GB,DirectX10 Compatible GPU with 1 GB Video RAM,60 GB,Windows 7/8.1/10 64-bit,3 GHz Dual-Core 64-bit CPU,8 GB,DirectX11 Compatible GPU with 2 GB Video RAM,60 GB SSD,Windows 10/11 64-bit,"technical.city, Steam Store, official game websites"
ARK: Survival Ascended,Intel Core i7-4770 / AMD Ryzen 5 1500X,16 GB,NVIDIA GeForce GTX 1050 Ti / AMD Radeon RX 470,70 GB SSD,Windows 10/11 64-bit,Intel Core i7-8700K / AMD Ryzen 5 3600X,32 GB,NVIDIA GeForce RTX 2070 / AMD Radeon RX 5700,70 GB SSD,Windows 10/11 64-bit,"technical.city, Steam Store, official game websites"
Rust,Intel Core i7-3770 / AMD FX-9590,10 GB,GTX 670 2GB / AMD R9 280 better,20 GB SSD,Windows 10 64-bit,Intel Core i7-4790K / AMD Ryzen 5 1500X,16 GB,GTX 980 / AMD R9 Fury,20 GB SSD,Windows 10/11 64-bit,"technical.city, Steam Store, official game websites"
7 Days to Die,2.4 GHz Dual Core CPU,6 GB,NVIDIA GeForce GTX 460 / AMD Radeon HD 6850,12 GB,Windows 7/8/10 64-bit,3.0 GHz Quad Core CPU,8 GB,NVIDIA GeForce GTX 760 / AMD Radeon HD 7870,12 GB SSD,Windows 10/11 64-bit,"technical.city, Steam Store, official game websites"
DayZ,Intel Core i5-4430,8 GB,NVIDIA GeForce GTX 760 or AMD R9 270X,16 GB,Windows 10 64-bit,Intel Core i5-6600K or AMD R5 1600X,12 GB,NVIDIA GeForce GTX 1060 or AMD RX 580,16 GB SSD,Windows 10/11 64-bit,"technical.city, Steam Store, official game websites"
SCUM,Intel Core i5-4430 / AMD FX-6300,10 GB,NVIDIA GeForce GTX 960 2GB / AMD Radeon R7 370 2GB,40 GB,Windows 10 64-bit,Intel Core i5-6600K / AMD Ryzen 5 1600,16 GB,NVIDIA GeForce GTX 1060 6GB / AMD Radeon RX 580 8GB,40 GB SSD,Windows 10/11 64-bit,"technical.city, Steam Store, official game websites"
The Forest,Intel Core 2 Quad Q6600 2.4 GHz,4 GB,NVIDIA GeForce GTX 560 Ti,5 GB,Windows 7 64-bit,Intel Core i5-750 2.6 GHz,8 GB,NVIDIA GeForce GTX 960,5 GB SSD,Windows 10/11 64-bit,"technical.city, Steam Store, official game websites"
Sons of the Forest,Intel Core i5-8400 / AMD Ryzen 3 3300X,12 GB,NVIDIA GTX 1060 3GB / AMD RX 570 4GB,20 GB,Windows 10 64-bit,Intel Core i7-8700K / AMD Ryzen 5 3600X,16 GB,NVIDIA RTX 2070 / AMD RX 6700 XT,20 GB SSD,Windows 10/11 64-bit,"technical.city, Steam Store, official game websites"
Green Hell,3.2 GHz Dual Core Processor,4 GB,GeForce GTX 660 / Radeon RX 460,8 GB,Windows 7/8/10 64-bit,3.2 GHz Quad Core Processor,8 GB,GeForce GTX 970 / Radeon RX 580,8 GB SSD,Windows 10/11 64-bit,"technical.city, Steam Store, official game websites"
Subnautica,Intel Core i3 / AMD Ryzen 3,8 GB,Intel HD 530 / NVIDIA GeForce GTX 550 Ti / AMD Radeon HD 6850,20 GB,"Windows Vista SP2 or newer, 64-bit",Intel Core i5 / AMD Ryzen 5,8 GB,NVIDIA GeForce GTX 750 Ti / AMD Radeon R7 260X,20 GB SSD,Windows 10/11 64-bit,"technical.city, Steam Store, official game websites"
Subnautica: Below Zero,Intel Core i3 / AMD Ryzen 3,8 GB,Intel HD 530 / NVIDIA GeForce GTX 550 Ti / AMD Radeon HD 6850,15 GB,Windows 7 64-bit,Intel Core i5 / AMD Ryzen 5,8 GB,NVIDIA GeForce GTX 750 Ti / AMD Radeon R7 260X,15 GB SSD,Windows 10/11 64-bit,"technical.city, Steam Store, official game websites"
The Long Dark,Dual-Core Intel i5 CPU @ 2GHz+,4 GB,Intel 4xxx Series w/ 512MB VRAM or better,7 GB,Windows 7 64-bit,Intel i7 CPU @ 2.6GHz+,8 GB,nVidia GeForce GTX 555 w/ 1GB VRAM or better,7 GB SSD,Windows 10/11 64-bit,"technical.city, Steam Store, official game websites"
Don't Starve,1.7 GHz,1 GB,Radeon HD5450 or better / 256 MB,500 MB,Windows XP/Vista/Windows 7/Windows 8,1.7 GHz,2 GB,Radeon HD5450 or better / 512 MB,500 MB SSD,Windows 10,"technical.city, Steam Store, official game websites"
Don't Starve Together,1.7 GHz,1 GB,Radeon HD5450 or better / 256 MB,750 MB,Windows Vista/Windows 7/Windows 8,1.7 GHz,4 GB,Radeon HD5450 or better / 512 MB,750 MB SSD,Windows 10,"technical.city, Steam Store, official game websites"
Oxygen Not Included,Dual Core 2.0 GHz,4 GB,Intel HD 4600,2 GB,Windows 7 64-bit,Dual Core 3.0 GHz,8 GB,NVIDIA GTX 660 / AMD Radeon HD 7870,2 GB SSD,Windows 10/11 64-bit,"technical.city, Steam Store, official game websites"
RimWorld,Core 2 Duo,4 GB,Intel HD Graphics 4000,1 GB,Windows 7 64-bit,Core i5,8 GB,NVIDIA GTX 660 / AMD Radeon HD 7870,1 GB SSD,Windows 10/11 64-bit,"technical.city, Steam Store, official game websites"
Dwarf Fortress,Dual Core 2.4 GHz,4 GB,Intel HD Graphics 4000,500 MB,Windows XP/Vista/7/8/10,Dual Core 3.0 GHz,8 GB,NVIDIA GTX 660 / AMD Radeon HD 7870,500 MB SSD,Windows 10,"technical.city, Steam Store, official game websites"
Gnomoria,Dual Core 2.0 GHz,2 GB,Intel HD Graphics 4000,200 MB,Windows XP/Vista/7/8/10,Dual Core 2.5 GHz,4 GB,NVIDIA GTX 660 / AMD Radeon HD 7870,200 MB SSD,Windows 10,"technical.city, Steam Store, official game websites"
Stonehearth,Dual Core 2.0 GHz,4 GB,Intel HD Graphics 4000,1 GB,Windows 7/8/8.1/10,Quad Core 2.5 GHz,8 GB,NVIDIA GTX 660 / AMD Radeon HD 7870,1 GB SSD,Windows 10,"technical.city, Steam Store, official game websites"
Timber and Stone,Dual Core 2.0 GHz,2 GB,Intel HD Graphics 4000,500 MB,Windows XP/Vista/7/8/10,Dual Core 2.5 GHz,4 GB,NVIDIA GTX 660 / AMD Radeon HD 7870,500 MB SSD,Windows 10,"technical.city, Steam Store, official game websites"
Craft the World,Dual Core 2.0 GHz,2 GB,Intel HD Graphics 4000,500 MB,Windows XP/Vista/7/8/10,Dual Core 2.5 GHz,4 GB,NVIDIA GTX 660 / AMD Radeon HD 7870,500 MB SSD,Windows 10,"technical.city, Steam Store, official game websites"
Dig or Die,Dual Core 2.0 GHz,2 GB,Intel HD Graphics 4000,500 MB,Windows XP/Vista/7/8/10,Dual Core 2.5 GHz,4 GB,NVIDIA GTX 660 / AMD Radeon HD 7870,500 MB SSD,Windows 10,"technical.city, Steam Store, official game websites"
FortressCraft Evolved,Dual Core 2.0 GHz,4 GB,Intel HD Graphics 4000,5 GB,Windows XP/Vista/7/8/10,Quad Core 2.5 GHz,8 GB,NVIDIA GTX 660 / AMD Radeon HD 7870,5 GB SSD,Windows 10,"technical.city, Steam Store, official game websites"
Castle Story,Dual Core 2.0 GHz,4 GB,Intel HD Graphics 4000,1 GB,Windows XP/Vista/7/8/10,Quad Core 2.5 GHz,8 GB,NVIDIA GTX 660 / AMD Radeon HD 7870,1 GB SSD,Windows 10,"technical.city, Steam Store, official game websites"
Factorio,Dual core 3Ghz+,4 GB,512MB Dedicated Video Memory,3 GB,"Windows 10, 8, 7 (64 Bit)",Quad core 3Ghz+,8 GB,2GB Dedicated Video Memory,3 GB SSD,Windows 10/11 64-bit,"technical.city, Steam Store, official game websites"
Satisfactory,i5-3570 3.4 GHz 4 Core,8 GB,NVIDIA GTX 770 2GB / AMD Radeon R9 280 3GB,20 GB,Windows 10 64-bit,i5-4670 3.4 GHz 4 Core,16 GB,NVIDIA GTX 1060 6GB / AMD RX 580 8GB,20 GB SSD,Windows 10/11 64-bit,"technical.city, Steam Store, official game websites"
Dyson Sphere Program,Intel Core i3-4160 / AMD FX-6300,4 GB,NVIDIA GTX 660 / AMD Radeon HD 7870,3 GB,Windows 7 64-bit,Intel Core i5-4460 / AMD Ryzen 5 1400,8 GB,NVIDIA GTX 960 / AMD Radeon RX 470,3 GB SSD,Windows 10/11 64-bit,"technical.city, Steam Store, official game websites"
Shapez,2 GHz Dual Core,4 GB,Intel HD Graphics 4000,300 MB,Windows 10 64-bit,2 GHz Dual Core,8 GB,NVIDIA GTX 660 / AMD Radeon HD 7870,300 MB SSD,Windows 10/11 64-bit,"technical.city, Steam Store, official game websites"
Mindustry,1.5 GHz,1 GB,Any,200 MB,Windows 7 64-bit,2.0 GHz,2 GB,Any,200 MB SSD,Windows 10/11 64-bit,"technical.city, Steam Store, official game websites"
Slay the Spire,2.0 GHz,4 GB,"256 MB Video Memory, OpenGL 2.0+",1 GB,Windows XP 64-bit,2.2 GHz,8 GB,512 MB Video Memory,1 GB SSD,Windows 10/11 64-bit,"technical.city, Steam Store, official game websites"
Monster Train,2.0 GHz,4 GB,"256 MB Video Memory, OpenGL 2.0+",2 GB,Windows 7 64-bit,2.5 GHz,8 GB,512 MB Video Memory,2 GB SSD,Windows 10/11 64-bit,"technical.city, Steam Store, official game websites"
Griftlands,2.0 GHz,4 GB,Intel HD Graphics 4000,4 GB,Windows 7 64-bit,2.5 GHz,8 GB,NVIDIA GTX 660 / AMD Radeon HD 7870,4 GB SSD,Windows 10/11 64-bit,"technical.city, Steam Store, official game websites"
Inscryption,Intel Core i5-2400 / AMD FX-6300,4 GB,NVIDIA GeForce GTX 660 / AMD Radeon HD 7870,3 GB,Windows 7 64-bit,Intel Core i5-4460 / AMD FX-8350,8 GB,NVIDIA GeForce GTX 960 / AMD Radeon R9 280,3 GB SSD,Windows 10/11 64-bit,"technical.city, Steam Store, official game websites"
Loop Hero,Intel Core i3-4160 / AMD FX-6300,4 GB,NVIDIA GeForce GTX 660 / AMD Radeon HD 7870,200 MB,Windows 7 64-bit,Intel Core i5-4460 / AMD FX-8350,8 GB,NVIDIA GeForce GTX 960 / AMD Radeon R9 280,200 MB SSD,Windows 10/11 64-bit,"technical.city, Steam Store, official game websites"
Dicey Dungeons,Intel Core i3-4160 / AMD FX-6300,4 GB,Intel HD Graphics 4000,1 GB,Windows 7 64-bit,Intel Core i5-4460 / AMD FX-8350,8 GB,NVIDIA GeForce GTX 660 / AMD Radeon HD 7870,1 GB SSD,Windows 10/11 64-bit,"technical.city, Steam Store, official game websites"
Into the Breach,Intel Core 2 Duo 2.0 GHz / AMD Athlon X2 2.0 GHz,2 GB,Intel HD Graphics 4000,400 MB,Windows Vista/7/8/10,Intel Core i3 / AMD FX-6300,4 GB,NVIDIA GeForce GTX 660 / AMD Radeon HD 7870,400 MB SSD,Windows 10,"technical.city, Steam Store, official game websites"
Faster Than Light,2.0 GHz,1 GB,"128 MB Video Memory, OpenGL 2.0+",250 MB,Windows XP/Vista/7/8/10,2.0 GHz,2 GB,256 MB Video Memory,250 MB SSD,Windows 10,"technical.city, Steam Store, official game websites"
Dead Cells,Intel i5+,2 GB,NVIDIA GTX 650 / AMD Radeon HD 6850,500 MB,Windows 7+,Intel i7+,4 GB,NVIDIA GTX 760 / AMD Radeon HD 7870,500 MB SSD,Windows 10,"technical.city, Steam Store, official game websites"
Hades,Dual Core 2.4 GHz,4 GB,1GB VRAM / DirectX 10+,15 GB,Windows 7 SP1,Dual Core 3.0 GHz,8 GB,2GB VRAM / DirectX 11+,15 GB SSD,Windows 10,"technical.city, Steam Store, official game websites"
Hades II,Dual Core 2.4 GHz,4 GB,1GB VRAM / DirectX 10+,15 GB,Windows 7 SP1,Dual Core 3.0 GHz,8 GB,2GB VRAM / DirectX 11+,15 GB SSD,Windows 10,"technical.city, Steam Store, official game websites"
Hollow Knight,Intel Core 2 Duo E5200,4 GB,GeForce 9800GTX+ (1GB),9 GB,Windows 7,Intel Core i5,8 GB,GeForce GTX 560,9 GB SSD,Windows 10,"technical.city, Steam Store, official game websites"
Hollow Knight: Silksong,Intel Core i5-4460 / AMD FX-6300,8 GB,NVIDIA GTX 760 / AMD Radeon R9 280,10 GB,Windows 10 64-bit,Intel Core i7-4770K / AMD Ryzen 5 1600,16 GB,NVIDIA GTX 1060 / AMD Radeon RX 580,10 GB SSD,Windows 10/11 64-bit,"technical.city, Steam Store, official game websites"
Ori and the Blind Forest,Intel Core 2 Duo E4500 @ 2.2GHz / AMD Athlon 64 X2 5600+ @ 2.8 GHz,4 GB,NVIDIA GeForce 240 GT / AMD Radeon HD 6570,8 GB,Windows 7,Intel Core i5-2300 / AMD Phenom II X4 945,8 GB,NVIDIA GeForce GTX 550 Ti / AMD Radeon HD 6770,8 GB SSD,Windows 10,"technical.city, Steam Store, official game websites"
Ori and the Will of the Wisps,Intel Core i5-4460 / AMD FX-6300,8 GB,NVIDIA GTX 760 / AMD Radeon R7 260X,20 GB,Windows 10 64-bit,Intel Core i7-4770K / AMD Ryzen 5 1600,16 GB,NVIDIA GTX 1060 / AMD Radeon RX 580,20 GB SSD,Windows 10/11 64-bit,"technical.city, Steam Store, official game websites"
Celeste,Intel Core i3 M380,2 GB,Intel HD 4000,1200 MB,Windows 7,Intel Core i5-2300 / AMD FX-6300,4 GB,NVIDIA GTX 650 / AMD Radeon HD 6850,1200 MB SSD,Windows 10,"technical.city, Steam Store, official game websites"
Cuphead,"Intel Core2 Duo E8400, 3.0GHz / AMD Athlon 64 X2 6000+, 3.0GHz",3 GB,NVIDIA GeForce GTS 450 / ATI Radeon HD 3870,4 GB,Windows 7,Intel Core i5-4460 / AMD FX-6300,4 GB,NVIDIA GeForce GTX 660 / ATI Radeon HD 7870,4 GB SSD,Windows 10,"technical.city, Steam Store, official game websites"
Undertale,Core 2 Duo,2 GB,128 MB Video Memory,200 MB,"Windows XP, Vista, 7, 8, or 10",Core i3,4 GB,256 MB Video Memory,200 MB SSD,Windows 10,"technical.city, Steam Store, official game websites"
Deltarune,Core 2 Duo,2 GB,128 MB Video Memory,200 MB,"Windows XP, Vista, 7, 8, or 10",Core i3,4 GB,256 MB Video Memory,200 MB SSD,Windows 10,"technical.city, Steam Store, official game websites"
OneShot,Intel Core 2 Duo,2 GB,Intel HD Graphics 4000,500 MB,"Windows XP, Vista, 7, 8, or 10",Intel Core i3,4 GB,NVIDIA GTX 650 / AMD Radeon HD 6850,500 MB SSD,Windows 10,"technical.city, Steam Store, official game websites"
Ib,Intel Core 2 Duo,2 GB,Intel HD Graphics 4000,500 MB,Windows 7,Intel Core i3,4 GB,NVIDIA GTX 650 / AMD Radeon HD 6850,500 MB SSD,Windows 10,"technical.city, Steam Store, official game websites"
Mad Father,Intel Core 2 Duo,2 GB,Intel HD Graphics 4000,500 MB,Windows 7,Intel Core i3,4 GB,NVIDIA GTX 650 / AMD Radeon HD 6850,500 MB SSD,Windows 10,"technical.city, Steam Store, official game websites"
Corpse Party,Intel Core 2 Duo,2 GB,Intel HD Graphics 4000,500 MB,Windows 7,Intel Core i3,4 GB,NVIDIA GTX 650 / AMD Radeon HD 6850,500 MB SSD,Windows 10,"technical.city, Steam Store, official game websites"
Ao Oni,Intel Core 2 Duo,2 GB,Intel HD Graphics 4000,500 MB,Windows 7,Intel Core i3,4 GB,NVIDIA GTX 650 / AMD Radeon HD 6850,500 MB SSD,Windows 10,"technical.city, Steam Store, official game websites"
The Witch's House,Intel Core 2 Duo,2 GB,Intel HD Graphics 4000,500 MB,Windows 7,Intel Core i3,4 GB,NVIDIA GTX 650 / AMD Radeon HD 6850,500 MB SSD,Windows 10,"technical.city, Steam Store, official game websites"
Misao,Intel Core 2 Duo,2 GB,Intel HD Graphics 4000,500 MB,Windows 7,Intel Core i3,4 GB,NVIDIA GTX 650 / AMD Radeon HD 6850,500 MB SSD,Windows 10,"technical.city, Steam Store, official game websites"
FIFA 23,Intel Core i5 6600K / AMD Ryzen 5 1600,8 GB,NVIDIA GTX 1050 Ti / AMD Radeon RX 570,100 GB,Windows 10 64-bit,Intel Core i7 6700 / AMD Ryzen 7 2700X,12 GB,NVIDIA GTX 1660 / AMD Radeon RX 5600 XT,100 GB SSD,Windows 10/11 64-bit,"technical.city, Steam Store, official game websites"
FIFA 22,Intel Core i3-6100 @ 3.7GHz / AMD Athlon X4 880K @4GHz,8 GB,NVIDIA GTX 660 2GB / AMD Radeon HD 7850 2GB,50 GB,Windows 10 64-bit,Intel i3-6300T @ 3.3GHz / AMD Athlon X4 870K @ 3.9 GHz,12 GB,NVIDIA GeForce GTX 670 / AMD Radeon R9 270X,50 GB SSD,Windows 10/11 64-bit,"technical.city, Steam Store, official game websites"
FIFA 21,Intel Core i3-6100 @ 3.7GHz / AMD Athlon X4 880K @4GHz,8 GB,NVIDIA GTX 660 2GB / AMD Radeon HD 7850 2GB,50 GB,Windows 10 64-bit,Intel i3-6300T @ 3.3GHz / AMD Athlon X4 870K @ 3.9 GHz,12 GB,NVIDIA GeForce GTX 670 / AMD Radeon R9 270X,50 GB SSD,Windows 10/11 64-bit,"technical.city, Steam Store, official game websites"
FIFA 20,Core i3-2100 / Phenom II X4 965,8 GB,Radeon HD 7850 / GeForce GTX 660,50 GB,Windows 7/8.1/10 64-bit,Core i3-6300T / Athlon X4 870K,8 GB,Radeon R9 270X / GeForce GTX 670,50 GB SSD,Windows 10/11 64-bit,"technical.city, Steam Store, official game websites"
FIFA 19,Core i3-2100 / Phenom II X4 965,8 GB,Radeon HD 7850 / GeForce GTX 660,50 GB,Windows 7/8.1/10 64-bit,Core i3-6300T / Athlon X4 870K,8 GB,Radeon R9 270X / GeForce GTX 670,50 GB SSD,Windows 10/11 64-bit,"technical.city, Steam Store, official game websites"
FIFA 18,Intel Core i3-2100 @ 3.1GHz / AMD Phenom II X4 965 @ 3.4 GHz,8 GB,NVIDIA GTX 460 / AMD Radeon R7 260,30 GB,Windows 7/8.1/10 64-bit,Intel Core i3-6300T @ 3.3GHz / AMD Athlon X4 870K @ 3.9 GHz,8 GB,NVIDIA GeForce GTX 670 / AMD Radeon R9 270X,30 GB SSD,Windows 10/11 64-bit,"technical.city, Steam Store, official game websites"
FIFA 17,Intel Core i3-2100 @ 3.1GHz / AMD Phenom II X4 965 @ 3.4 GHz,8 GB,NVIDIA GTX 460 / AMD Radeon R7 260,30 GB,Windows 7/8.1/10 64-bit,Intel Core i3-6300T @ 3.3GHz / AMD Athlon X4 870K @ 3.9 GHz,8 GB,NVIDIA GeForce GTX 670 / AMD Radeon R9 270X,30 GB SSD,Windows 10/11 64-bit,"technical.city, Steam Store, official game websites"
FIFA 16,Intel Core i3-2100 @ 3.1GHz / AMD Phenom II X4 965 @ 3.4 GHz,4 GB,NVIDIA GTX 460 / AMD Radeon R7 260,15 GB,Windows 7/8/8.1 64-bit,Intel Core i3-6300T @ 3.3GHz / AMD Athlon X4 870K @ 3.9 GHz,8 GB,NVIDIA GeForce GTX 670 / AMD Radeon R9 270X,15 GB SSD,Windows 10/11 64-bit,"technical.city, Steam Store, official game websites"
FIFA 15,Intel Core 2 Quad Q6600 2.4 GHz / AMD Phenom II X4 965 3.4 GHz,4 GB,NVIDIA GTX 460 / AMD Radeon R7 260,15 GB,Windows V/7/8/8.1 64-bit,Intel Core i5-2550K 3.4 GHz / AMD FX-6300 3.5 GHz,8 GB,NVIDIA GeForce GTX 670 / AMD Radeon R9 270X,15 GB SSD,Windows 10/11 64-bit,"technical.city, Steam Store, official game websites"
FIFA 14,Intel Core 2 Duo 1.8 GHz / AMD Athlon II X2 240 2.8 GHz,2 GB,ATI Radeon HD 3600 / NVIDIA GeForce 6800GT,8 GB,Windows V/7/8,Intel Core 2 Quad Q6600 2.4 GHz / AMD Phenom II X4 965 3.4 GHz,4 GB,ATI Radeon HD 6000 / NVIDIA GeForce 500 series,8 GB SSD,Windows 10/11,"technical.city, Steam Store, official game websites"
EA Sports FC 24,Intel Core i5-6600K / AMD Ryzen 5 1600,8 GB,NVIDIA GTX 1050 Ti / AMD Radeon RX 570,100 GB,Windows 10 64-bit,Intel Core i7 6700 / AMD Ryzen 7 2700X,12 GB,NVIDIA GTX 1660 / AMD Radeon RX 5600 XT,100 GB SSD,Windows 10/11 64-bit,"technical.city, Steam Store, official game websites"
EA Sports FC 25,Intel Core i5-8400 / AMD Ryzen 5 2600,8 GB,NVIDIA GTX 1060 / AMD Radeon RX 580,100 GB,Windows 10 64-bit,Intel Core i7-9700K / AMD Ryzen 7 3700X,16 GB,NVIDIA RTX 2070 / AMD Radeon RX 6700 XT,100 GB SSD,Windows 10/11 64-bit,"technical.city, Steam Store, official game websites"
eFootball 2024,Intel Core i5-7600 / AMD Ryzen 5 1600,8 GB,NVIDIA GTX 1060 / AMD Radeon RX 580,50 GB,Windows 10 64-bit,Intel Core i7-9700 / AMD Ryzen 7 3700X,16 GB,NVIDIA RTX 2060 / AMD Radeon RX 5700,50 GB SSD,Windows 10/11 64-bit,"technical.city, Steam Store, official game websites"
eFootball 2023,Intel Core i5-7600 / AMD Ryzen 5 1600,8 GB,NVIDIA GTX 1060 / AMD Radeon RX 580,50 GB,Windows 10 64-bit,Intel Core i7-9700 / AMD Ryzen 7 3700X,16 GB,NVIDIA RTX 2060 / AMD Radeon RX 5700,50 GB SSD,Windows 10/11 64-bit,"technical.city, Steam Store, official game websites"
eFootball 2022,Intel Core i5-7600 / AMD Ryzen 5 1600,8 GB,NVIDIA GTX 1060 / AMD Radeon RX 580,50 GB,Windows 10 64-bit,Intel Core i7-9700 / AMD Ryzen 7 3700X,16 GB,NVIDIA RTX 2060 / AMD Radeon RX 5700,50 GB SSD,Windows 10/11 64-bit,"technical.city, Steam Store, official game websites"
Pro Evolution Soccer 2021,Intel Core i5-3470 / AMD FX-4350,4 GB,NVIDIA GTX 670 / AMD Radeon HD 7870,40 GB,Windows 7/8.1/10 64-bit,Intel Core i7-3770 / AMD FX-8350,8 GB,NVIDIA GTX 760 / AMD Radeon R9 270X,40 GB SSD,Windows 10/11 64-bit,"technical.city, Steam Store, official game websites"
Pro Evolution Soccer 2020,Intel Core i5-3470 / AMD FX-4350,4 GB,NVIDIA GTX 670 / AMD Radeon HD 7870,40 GB,Windows 7/8.1/10 64-bit,Intel Core i7-3770 / AMD FX-8350,8 GB,NVIDIA GTX 760 / AMD Radeon R9 270X,40 GB SSD,Windows 10/11 64-bit,"technical.city, Steam Store, official game websites"
Pro Evolution Soccer 2019,Intel Core i5-3450 / AMD FX-4100,4 GB,NVIDIA GTX 670 / AMD Radeon HD 7870,30 GB,Windows 7/8.1/10 64-bit,Intel Core i7-3770 / AMD FX-8350,8 GB,NVIDIA GTX 760 / AMD Radeon R9 270X,30 GB SSD,Windows 10/11 64-bit,"technical.city, Steam Store, official game websites"
NBA 2K24,Intel Core i5-4430 / AMD FX-8370,8 GB,NVIDIA GTX 770 / AMD Radeon R9 270,110 GB,Windows 10 64-bit,Intel Core i5-4670 / AMD FX-9590,16 GB,NVIDIA GTX 970 / AMD Radeon R9 390,110 GB SSD,Windows 10/11 64-bit,"technical.city, Steam Store, official game websites"
NBA 2K23,Intel Core i5-4430 / AMD FX-8370,8 GB,NVIDIA GTX 770 / AMD Radeon R9 270,110 GB,Windows 10 64-bit,Intel Core i5-4670 / AMD FX-9590,16 GB,NVIDIA GTX 970 / AMD Radeon R9 390,110 GB SSD,Windows 10/11 64-bit,"technical.city, Steam Store, official game websites"
NBA 2K22,Intel Core i5-4430 / AMD FX-8370,8 GB,NVIDIA GTX 770 / AMD Radeon R9 270,110 GB,Windows 10 64-bit,Intel Core i5-4670 / AMD FX-9590,16 GB,NVIDIA GTX 970 / AMD Radeon R9 390,110 GB SSD,Windows 10/11 64-bit,"technical.city, Steam Store, official game websites"
NBA 2K21,Intel Core i3-530 / AMD FX-4100,4 GB,NVIDIA GTX 770 / AMD Radeon R9 270,80 GB,Windows 7/8.1/10 64-bit,Intel Core i5-4430 / AMD FX-8370,8 GB,NVIDIA GTX 770 / AMD Radeon R9 270,80 GB SSD,Windows 10/11 64-bit,"technical.city, Steam Store, official game websites"
NBA 2K20,Intel Core i3-530 / AMD FX-4100,4 GB,NVIDIA GTX 770 / AMD Radeon R9 270,80 GB,Windows 7/8.1/10 64-bit,Intel Core i5-4430 / AMD FX-8370,8 GB,NVIDIA GTX 770 / AMD Radeon R9 270,80 GB SSD,Windows 10/11 64-bit,"technical.city, Steam Store, official game websites"
NBA 2K Playgrounds 2,Intel Core i3-530 / AMD FX-4100,4 GB,NVIDIA GTX 650 / AMD Radeon HD 7750,6 GB,Windows 7/8.1/10 64-bit,Intel Core i5-4430 / AMD FX-8370,8 GB,NVIDIA GTX 770 / AMD Radeon R9 270,6 GB SSD,Windows 10/11 64-bit,"technical.city, Steam Store, official game websites"
NBA Playgrounds,Intel Core i3-530 / AMD FX-4100,4 GB,NVIDIA GTX 650 / AMD Radeon HD 7750,6 GB,Windows 7/8.1/10 64-bit,Intel Core i5-4430 / AMD FX-8370,8 GB,NVIDIA GTX 770 / AMD Radeon R9 270,6 GB SSD,Windows 10/11 64-bit,"technical.city, Steam Store, official game websites"
Madden NFL 24,Intel Core i5-4430 / AMD FX-8370,8 GB,NVIDIA GTX 670 / AMD Radeon R9 270,50 GB,Windows 10 64-bit,Intel Core i5-4670 / AMD FX-9590,16 GB,NVIDIA GTX 970 / AMD Radeon R9 390,50 GB SSD,Windows 10/11 64-bit,"technical.city, Steam Store, official game websites"
Madden NFL 23,Intel Core i5-4430 / AMD FX-8370,8 GB,NVIDIA GTX 670 / AMD Radeon R9 270,50 GB,Windows 10 64-bit,Intel Core i5-4670 / AMD FX-9590,16 GB,NVIDIA GTX 970 / AMD Radeon R9 390,50 GB SSD,Windows 10/11 64-bit,"technical.city, Steam Store, official game websites"
Madden NFL 22,Intel Core i3-4350 / AMD FX-4350,8 GB,NVIDIA GTX 660 / AMD Radeon R9 270,48 GB,Windows 10 64-bit,Intel Core i5-4690 / AMD FX-8350,12 GB,NVIDIA GTX 970 / AMD Radeon R9 390,48 GB SSD,Windows 10/11 64-bit,"technical.city, Steam Store, official game websites"
Madden NFL 21,Intel Core i3-4350 / AMD FX-4350,8 GB,NVIDIA GTX 660 / AMD Radeon R9 270,48 GB,Windows 10 64-bit,Intel Core i5-4690 / AMD FX-8350,12 GB,NVIDIA GTX 970 / AMD Radeon R9 390,48 GB SSD,Windows 10/11 64-bit,"technical.city, Steam Store, official game websites"
Madden NFL 20,Intel Core i3-4350 / AMD FX-4350,8 GB,NVIDIA GTX 660 / AMD Radeon R9 270,48 GB,Windows 7/8.1/10 64-bit,Intel Core i5-4690 / AMD FX-8350,12 GB,NVIDIA GTX 970 / AMD Radeon R9 390,48 GB SSD,Windows 10/11 64-bit,"technical.city, Steam Store, official game websites"
NHL 24,Intel Core i5-4430 / AMD FX-8370,8 GB,NVIDIA GTX 670 / AMD Radeon R9 270,50 GB,Windows 10 64-bit,Intel Core i5-4670 / AMD FX-9590,16 GB,NVIDIA GTX 970 / AMD Radeon R9 390,50 GB SSD,Windows 10/11 64-bit,"technical.city, Steam Store, official game websites"
NHL 23,Intel Core i5-4430 / AMD FX-8370,8 GB,NVIDIA GTX 670 / AMD Radeon R9 270,50 GB,Windows 10 64-bit,Intel Core i5-4670 / AMD FX-9590,16 GB,NVIDIA GTX 970 / AMD Radeon R9 390,50 GB SSD,Windows 10/11 64-bit,"technical.city, Steam Store, official game websites"
NHL 22,Intel Core i3-4350 / AMD FX-4350,8 GB,NVIDIA GTX 660 / AMD Radeon R9 270,48 GB,Windows 10 64-bit,Intel Core i5-4690 / AMD FX-8350,12 GB,NVIDIA GTX 970 / AMD Radeon R9 390,48 GB SSD,Windows 10/11 64-bit,"technical.city, Steam Store, official game websites"
MLB The Show 24,Intel Core i5-4430 / AMD FX-8370,8 GB,NVIDIA GTX 670 / AMD Radeon R9 270,50 GB,Windows 10 64-bit,Intel Core i5-4670 / AMD FX-9590,16 GB,NVIDIA GTX 970 / AMD Radeon R9 390,50 GB SSD,Windows 10/11 64-bit,"technical.city, Steam Store, official game websites"
MLB The Show 23,Intel Core i5-4430 / AMD FX-8370,8 GB,NVIDIA GTX 670 / AMD Radeon R9 270,50 GB,Windows 10 64-bit,Intel Core i5-4670 / AMD FX-9590,16 GB,NVIDIA GTX 970 / AMD Radeon R9 390,50 GB SSD,Windows 10/11 64-bit,"technical.city, Steam Store, official game websites"
MLB The Show 22,Intel Core i3-4350 / AMD FX-4350,8 GB,NVIDIA GTX 660 / AMD Radeon R9 270,48 GB,Windows 10 64-bit,Intel Core i5-4690 / AMD FX-8350,12 GB,NVIDIA GTX 970 / AMD Radeon R9 390,48 GB SSD,Windows 10/11 64-bit,"technical.city, Steam Store, official game websites"
Tony Hawk's Pro Skater 1 + 2,Intel Core i5-4430 / AMD FX-8370,8 GB,NVIDIA GTX 670 / AMD Radeon R9 270,20 GB,Windows 10 64-bit,Intel Core i5-4670 / AMD FX-9590,16 GB,NVIDIA GTX 970 / AMD Radeon R9 390,20 GB SSD,Windows 10/11 64-bit,"technical.city, Steam Store, official game websites"
Riders Republic,Intel Core i5-4460 / AMD Ryzen 5 1400,8 GB,NVIDIA GTX 970 / AMD Radeon R9 390,20 GB,Windows 10 64-bit,Intel Core i7-4790 / AMD Ryzen 5 1600,16 GB,NVIDIA GTX 1060 / AMD Radeon RX 580,20 GB SSD,Windows 10/11 64-bit,"technical.city, Steam Store, official game websites"
Steep,Intel Core i5 2400s @ 2.5 GHz / AMD FX-6350 @ 3.9 GHz,6 GB,GeForce GTX 660 / Radeon R7 260X,25 GB,Windows 7 SP1/8.1/10 64-bit,Intel Core i7 3770K @ 3.5 GHz / AMD FX-8350 @ 4.0 GHz,8 GB,GeForce GTX 970 / Radeon R9 390,25 GB SSD,Windows 10/11 64-bit,"technical.city, Steam Store, official game websites"
Trials Rising,Intel Core i3-550 / AMD Phenom II X4 945,4 GB,NVIDIA GeForce GTX 460 / AMD Radeon HD 5770,14 GB,Windows 7/8/10 64-bit,Intel Core i5-2400 / AMD FX-4100,8 GB,NVIDIA GeForce GTX 760 / AMD Radeon R9 270X,14 GB SSD,Windows 10/11 64-bit,"technical.city, Steam Store, official game websites"
Trials Fusion,Intel Core i3-550 / AMD Phenom II X4 945,4 GB,NVIDIA GeForce GTX 460 / AMD Radeon HD 5770,8 GB,Windows 7 SP1/8/8.1/10 64-bit,Intel Core i5-2400 / AMD FX-4100,8 GB,NVIDIA GeForce GTX 760 / AMD Radeon R9 270X,8 GB SSD,Windows 10/11 64-bit,"technical.city, Steam Store, official game websites"
Trackmania Turbo,Intel Core i3-550 / AMD Phenom II X4 945,4 GB,NVIDIA GeForce GTX 460 / AMD Radeon HD 5770,4 GB,Windows 7/8/10 64-bit,Intel Core i5-2400 / AMD FX-4100,8 GB,NVIDIA GeForce GTX 760 / AMD Radeon R9 270X,4 GB SSD,Windows 10/11 64-bit,"technical.city, Steam Store, official game websites"
Trackmania 2: Canyon,Intel Core 2 Duo / AMD Athlon X2,2 GB,NVIDIA GeForce 8800 / ATI Radeon HD 4850,2 GB,Windows XP/Vista/7/8,Intel Core i3 / AMD FX-6300,4 GB,NVIDIA GeForce GTX 460 / AMD Radeon HD 5770,2 GB SSD,Windows 10,"technical.city, Steam Store, official game websites"
Trackmania Nations Forever,Intel Pentium 4 1.5 GHz / AMD Athlon XP 1500+,256 MB,16 MB video card with DirectX 9.0c support,1 GB,Windows 2000/XP/Vista/7,Intel Pentium 4 2.0 GHz / AMD Athlon XP 2000+,512 MB,32 MB video card with DirectX 9.0c support,1 GB SSD,Windows 10,"technical.city, Steam Store, official game websites"
WWE 2K24,Intel Core i5-3550 / AMD FX 8150,4 GB,NVIDIA GTX 680 / AMD Radeon HD 7970,60 GB,Windows 10 64-bit,Intel Core i7-3770 / AMD FX-8350,8 GB,NVIDIA GTX 970 / AMD Radeon R9 390,60 GB SSD,Windows 10/11 64-bit,"technical.city, Steam Store, official game websites"
WWE 2K23,Intel Core i5-3550 / AMD FX 8150,4 GB,NVIDIA GTX 680 / AMD Radeon HD 7970,60 GB,Windows 10 64-bit,Intel Core i7-3770 / AMD FX-8350,8 GB,NVIDIA GTX 970 / AMD Radeon R9 390,60 GB SSD,Windows 10/11 64-bit,"technical.city, Steam Store, official game websites"
WWE 2K22,Intel Core i5-3550 / AMD FX 8150,4 GB,NVIDIA GTX 680 / AMD Radeon HD 7970,60 GB,Windows 10 64-bit,Intel Core i7-3770 / AMD FX-8350,8 GB,NVIDIA GTX 970 / AMD Radeon R9 390,60 GB SSD,Windows 10/11 64-bit,"technical.city, Steam Store, official game websites"
WWE 2K Battlegrounds,Intel Core i3-540 / AMD Phenom II X4 945,4 GB,NVIDIA GeForce GTX 460 / AMD Radeon HD 5770,10 GB,Windows 7/8/10 64-bit,Intel Core i5-2400 / AMD FX-4100,8 GB,NVIDIA GeForce GTX 760 / AMD Radeon R9 270X,10 GB SSD,Windows 10/11 64-bit,"technical.city, Steam Store, official game websites"
AEW: Fight Forever,Intel Core i5-3550 / AMD FX 8150,4 GB,NVIDIA GTX 680 / AMD Radeon HD 7970,30 GB,Windows 10 64-bit,Intel Core i7-3770 / AMD FX-8350,8 GB,NVIDIA GTX 970 / AMD Radeon R9 390,30 GB SSD,Windows 10/11 64-bit,"technical.city, Steam Store, official game websites"
UFC 5,Intel Core i5-6600K / AMD Ryzen 5 1600,8 GB,NVIDIA GTX 1060 / AMD Radeon RX 580,50 GB,Windows 10 64-bit,Intel Core i7-9700K / AMD Ryzen 7 3700X,16 GB,NVIDIA RTX 2070 / AMD Radeon RX 5700,50 GB SSD,Windows 10/11 64-bit,"technical.city, Steam Store, official game websites"
UFC 4,Intel Core i5-6600K / AMD Ryzen 5 1600,8 GB,NVIDIA GTX 1060 / AMD Radeon RX 580,50 GB,Windows 10 64-bit,Intel Core i7-9700K / AMD Ryzen 7 3700X,16 GB,NVIDIA RTX 2070 / AMD Radeon RX 5700,50 GB SSD,Windows 10/11 64-bit,"technical.city, Steam Store, official game websites"
UFC 3,Intel Core i5-3550 / AMD FX 8150,8 GB,NVIDIA GTX 660 / AMD Radeon HD 7870,30 GB,Windows 7/8.1/10 64-bit,Intel Core i7-3770 / AMD FX-8350,16 GB,NVIDIA GTX 970 / AMD Radeon R9 390,30 GB SSD,Windows 10/11 64-bit,"technical.city, Steam Store, official game websites"
Fight Night Champion,Intel Core i5-3550 / AMD FX 8150,4 GB,NVIDIA GTX 460 / AMD Radeon HD 6850,10 GB,Windows 7/8.1/10 64-bit,Intel Core i7-3770 / AMD FX-8350,8 GB,NVIDIA GTX 970 / AMD Radeon R9 390,10 GB SSD,Windows 10/11 64-bit,"technical.city, Steam Store, official game websites"
EA Sports UFC 2,Intel Core i5-3550 / AMD FX 8150,4 GB,NVIDIA GTX 660 / AMD Radeon HD 7870,15 GB,Windows 7/8.1/10 64-bit,Intel Core i7-3770 / AMD FX-8350,8 GB,NVIDIA GTX 970 / AMD Radeon R9 390,15 GB SSD,Windows 10/11 64-bit,"technical.city, Steam Store, official game websites"
Boxing Star,Intel Core i3-4160 / AMD FX-6300,4 GB,NVIDIA GTX 660 / AMD Radeon HD 7870,5 GB,Windows 7/8.1/10 64-bit,Intel Core i5-4460 / AMD FX-8350,8 GB,NVIDIA GTX 970 / AMD Radeon R9 390,5 GB SSD,Windows 10/11 64-bit,"technical.city, Steam Store, official game websites"
Real Boxing 2,Intel Core i3-4160 / AMD FX-6300,4 GB,NVIDIA GTX 660 / AMD Radeon HD 7870,5 GB,Windows 7/8.1/10 64-bit,Intel Core i5-4460 / AMD FX-8350,8 GB,NVIDIA GTX 970 / AMD Radeon R9 390,5 GB SSD,Windows 10/11 64-bit,"technical.city, Steam Store, official game websites"
Real Boxing,Intel Core i3-4160 / AMD FX-6300,4 GB,NVIDIA GTX 660 / AMD Radeon HD 7870,3 GB,Windows 7/8.1/10 64-bit,Intel Core i5-4460 / AMD FX-8350,8 GB,NVIDIA GTX 970 / AMD Radeon R9 390,3 GB SSD,Windows 10/11 64-bit,"technical.city, Steam Store, official game websites"
Creed: Rise to Glory,Intel Core i5-4590 / AMD FX 8350,8 GB,NVIDIA GTX 970 / AMD Radeon R9 290,10 GB,Windows 10 64-bit,Intel Core i7-6700 / AMD Ryzen 5 1600,16 GB,NVIDIA GTX 1070 / AMD Radeon RX Vega 56,10 GB SSD,Windows 10/11 64-bit,"technical.city, Steam Store, official game websites"
Thrill of the Fight,Intel Core i5-4590 / AMD FX 8350,8 GB,NVIDIA GTX 970 / AMD Radeon R9 290,5 GB,Windows 10 64-bit,Intel Core i7-6700 / AMD Ryzen 5 1600,16 GB,NVIDIA GTX 1070 / AMD Radeon RX Vega 56,5 GB SSD,Windows 10/11 64-bit,"technical.city, Steam Store, official game websites"
Drunkn Bar Fight,Intel Core i5-4590 / AMD FX 8350,8 GB,NVIDIA GTX 970 / AMD Radeon R9 290,3 GB,Windows 10 64-bit,Intel Core i7-6700 / AMD Ryzen 5 1600,16 GB,NVIDIA GTX 1070 / AMD Radeon RX Vega 56,3 GB SSD,Windows 10/11 64-bit,"technical.city, Steam Store, official game websites"
Gorn,Intel Core i5-4590 / AMD FX 8350,8 GB,NVIDIA GTX 970 / AMD Radeon R9 290,5 GB,Windows 10 64-bit,Intel Core i7-6700 / AMD Ryzen 5 1600,16 GB,NVIDIA GTX 1070 / AMD Radeon RX Vega 56,5 GB SSD,Windows 10/11 64-bit,"technical.city, Steam Store, official game websites"
Blade and Sorcery,Intel Core i5-4590 / AMD FX 8350,8 GB,NVIDIA GTX 970 / AMD Radeon R9 290,10 GB,Windows 10 64-bit,Intel Core i7-6700 / AMD Ryzen 5 1600,16 GB,NVIDIA GTX 1070 / AMD Radeon RX Vega 56,10 GB SSD,Windows 10/11 64-bit,"technical.city, Steam Store, official game websites"
Until You Fall,Intel Core i5-4590 / AMD FX 8350,8 GB,NVIDIA GTX 970 / AMD Radeon R9 290,5 GB,Windows 10 64-bit,Intel Core i7-6700 / AMD Ryzen 5 1600,16 GB,NVIDIA GTX 1070 / AMD Radeon RX Vega 56,5 GB SSD,Windows 10/11 64-bit,"technical.city, Steam Store, official game websites"
Swords of Gurrah,Intel Core i5-4590 / AMD FX 8350,8 GB,NVIDIA GTX 970 / AMD Radeon R9 290,5 GB,Windows 10 64-bit,Intel Core i7-6700 / AMD Ryzen 5 1600,16 GB,NVIDIA GTX 1070 / AMD Radeon RX Vega 56,5 GB SSD,Windows 10/11 64-bit,"technical.city, Steam Store, official game websites"
Sparc,Intel Core i5-4590 / AMD FX 8350,8 GB,NVIDIA GTX 970 / AMD Radeon R9 290,5 GB,Windows 10 64-bit,Intel Core i7-6700 / AMD Ryzen 5 1600,16 GB,NVIDIA GTX 1070 / AMD Radeon RX Vega 56,5 GB SSD,Windows 10/11 64-bit,"technical.city, Steam Store, official game websites"
Echo VR,Intel Core i5-4590 / AMD FX 8350,8 GB,NVIDIA GTX 970 / AMD Radeon R9 290,10 GB,Windows 10 64-bit,Intel Core i7-6700 / AMD Ryzen 5 1600,16 GB,NVIDIA GTX 1070 / AMD Radeon RX Vega 56,10 GB SSD,Windows 10/11 64-bit,"technical.city, Steam Store, official game websites"
Lone Echo,Intel Core i5-4590 / AMD FX 8350,8 GB,NVIDIA GTX 970 / AMD Radeon R9 290,15 GB,Windows 10 64-bit,Intel Core i7-6700 / AMD Ryzen 5 1600,16 GB,NVIDIA GTX 1070 / AMD Radeon RX Vega 56,15 GB SSD,Windows 10/11 64-bit,"technical.city, Steam Store, official game websites"
Lone Echo II,Intel Core i5-4590 / AMD FX 8350,8 GB,NVIDIA GTX 970 / AMD Radeon R9 290,20 GB,Windows 10 64-bit,Intel Core i7-6700 / AMD Ryzen 5 1600,16 GB,NVIDIA GTX 1070 / AMD Radeon RX Vega 56,20 GB SSD,Windows 10/11 64-bit,"technical.city, Steam Store, official game websites"
Stormland,Intel Core i5-4590 / AMD FX 8350,8 GB,NVIDIA GTX 970 / AMD Radeon R9 290,15 GB,Windows 10 64-bit,Intel Core i7-6700 / AMD Ryzen 5 1600,16 GB,NVIDIA GTX 1070 / AMD Radeon RX Vega 56,15 GB SSD,Windows 10/11 64-bit,"technical.city, Steam Store, official game websites"
Asgard's Wrath,Intel Core i7-6700 / AMD Ryzen 5 1600,16 GB,NVIDIA GTX 1080 / AMD Radeon RX Vega 64,50 GB,Windows 10 64-bit,Intel Core i7-8700 / AMD Ryzen 7 2700X,32 GB,NVIDIA RTX 2080 / AMD Radeon RX 6800,50 GB SSD,Windows 10/11 64-bit,"technical.city, Steam Store, official game websites"
Asgard's Wrath 2,Intel Core i7-8700 / AMD Ryzen 5 3600,16 GB,NVIDIA RTX 2070 / AMD Radeon RX 5700,80 GB,Windows 10 64-bit,Intel Core i7-12700K / AMD Ryzen 7 5800X,32 GB,NVIDIA RTX 3070 / AMD Radeon RX 6800 XT,80 GB SSD,Windows 10/11 64-bit,"technical.city, Steam Store, official game websites"
Medal of Honor: Above and Beyond,Intel Core i7-6700 / AMD Ryzen 5 1600,16 GB,NVIDIA GTX 1080 / AMD Radeon RX Vega 64,50 GB,Windows 10 64-bit,Intel Core i7-8700 / AMD Ryzen 7 2700X,32 GB,NVIDIA RTX 2080 / AMD Radeon RX 6800,50 GB SSD,Windows 10/11 64-bit,"technical.city, Steam Store, official game websites"
Population: One,Intel Core i5-4590 / AMD FX 8350,8 GB,NVIDIA GTX 970 / AMD Radeon R9 290,10 GB,Windows 10 64-bit,Intel Core i7-6700 / AMD Ryzen 5 1600,16 GB,NVIDIA GTX 1070 / AMD Radeon RX Vega 56,10 GB SSD,Windows 10/11 64-bit,"technical.city, Steam Store, official game websites"
Contractors,Intel Core i5-4590 / AMD FX 8350,8 GB,NVIDIA GTX 970 / AMD Radeon R9 290,10 GB,Windows 10 64-bit,Intel Core i7-6700 / AMD Ryzen 5 1600,16 GB,NVIDIA GTX 1070 / AMD Radeon RX Vega 56,10 GB SSD,Windows 10/11 64-bit,"technical.city, Steam Store, official game websites"
Onward,Intel Core i5-4590 / AMD FX 8350,8 GB,NVIDIA GTX 970 / AMD Radeon R9 290,10 GB,Windows 10 64-bit,Intel Core i7-6700 / AMD Ryzen 5 1600,16 GB,NVIDIA GTX 1070 / AMD Radeon RX Vega 56,10 GB SSD,Windows 10/11 64-bit,"technical.city, Steam Store, official game websites"
Pavlov VR,Intel Core i5-4590 / AMD FX 8350,8 GB,NVIDIA GTX 970 / AMD Radeon R9 290,15 GB,Windows 10 64-bit,Intel Core i7-6700 / AMD Ryzen 5 1600,16 GB,NVIDIA GTX 1070 / AMD Radeon RX Vega 56,15 GB SSD,Windows 10/11 64-bit,"technical.city, Steam Store, official game websites"
Half-Life: Alyx,Intel Core i5-7500 / AMD Ryzen 5 1600,12 GB,NVIDIA GTX 1060 / AMD Radeon RX 580,50 GB,Windows 10 64-bit,Intel Core i7-9700K / AMD Ryzen 7 3700X,16 GB,NVIDIA RTX 2070 / AMD Radeon RX 5700 XT,50 GB SSD,Windows 10/11 64-bit,"technical.city, Steam Store, official game websites"
Boneworks,Intel Core i5-4590 / AMD FX 8350,8 GB,NVIDIA GTX 970 / AMD Radeon R9 290,20 GB,Windows 10 64-bit,Intel Core i7-6700 / AMD Ryzen 5 1600,16 GB,NVIDIA GTX 1070 / AMD Radeon RX Vega 56,20 GB SSD,Windows 10/11 64-bit,"technical.city, Steam Store, official game websites"
Bonelab,Intel Core i5-4590 / AMD FX 8350,8 GB,NVIDIA GTX 970 / AMD Radeon R9 290,20 GB,Windows 10 64-bit,Intel Core i7-6700 / AMD Ryzen 5 1600,16 GB,NVIDIA GTX 1070 / AMD Radeon RX Vega 56,20 GB SSD,Windows 10/11 64-bit,"technical.city, Steam Store, official game websites"
The Walking Dead: Saints & Sinners,Intel Core i5-4590 / AMD FX 8350,8 GB,NVIDIA GTX 970 / AMD Radeon R9 290,15 GB,Windows 10 64-bit,Intel Core i7-6700 / AMD Ryzen 5 1600,16 GB,NVIDIA GTX 1070 / AMD Radeon RX Vega 56,15 GB SSD,Windows 10/11 64-bit,"technical.city, Steam Store, official game websites"
The Walking Dead: Saints & Sinners - Chapter 2: Retribution,Intel Core i7-6700 / AMD Ryzen 5 1600,16 GB,NVIDIA GTX 1070 / AMD Radeon RX Vega 56,25 GB,Windows 10 64-bit,Intel Core i7-8700 / AMD Ryzen 7 2700X,32 GB,NVIDIA RTX 2070 / AMD Radeon RX 5700 XT,25 GB SSD,Windows 10/11 64-bit,"technical.city, Steam Store, official game websites"
Resident Evil 4 VR,Intel Core i5-4590 / AMD FX 8350,8 GB,NVIDIA GTX 970 / AMD Radeon R9 290,20 GB,Windows 10 64-bit,Intel Core i7-6700 / AMD Ryzen 5 1600,16 GB,NVIDIA GTX 1070 / AMD Radeon RX Vega 56,20 GB SSD,Windows 10/11 64-bit,"technical.city, Steam Store, official game websites"
Resident Evil Village VR,Intel Core i7-6700 / AMD Ryzen 5 1600,16 GB,NVIDIA GTX 1070 / AMD Radeon RX Vega 56,35 GB,Windows 10 64-bit,Intel Core i7-8700 / AMD Ryzen 7 2700X,32 GB,NVIDIA RTX 2070 / AMD Radeon RX 5700 XT,35 GB SSD,Windows 10/11 64-bit,"technical.city, Steam Store, official game websites"
No Man's Sky,Intel Core i3,8 GB,nVidia GTX 480 / AMD Radeon 7870,15 GB,Windows 7/8.1/10 64-bit,Intel Core i3,16 GB,nVidia GTX 1060 / AMD Radeon RX 480,15 GB SSD,Windows 10/11 64-bit,"technical.city, Steam Store, official game websites"
Elite Dangerous,Quad Core CPU (4 x 2Ghz),4 GB,Nvidia GTX 470 / AMD Radeon 7240 HD,8 GB,Windows 7/8/10 64-bit,Intel Core i7-3770K / AMD FX 4350,8 GB,Nvidia GTX 770 / AMD Radeon R9 280X,8 GB SSD,Windows 10/11 64-bit,"technical.city, Steam Store, official game websites"
Elite Dangerous: Odyssey,Intel Core i5-4590 / AMD FX 8350,8 GB,NVIDIA GTX 970 / AMD Radeon R9 290,60 GB,Windows 10 64-bit,Intel Core i7-6700 / AMD Ryzen 5 1600,16 GB,NVIDIA GTX 1070 / AMD Radeon RX Vega 56,60 GB SSD,Windows 10/11 64-bit,"technical.city, Steam Store, official game websites"
Star Citizen,"Quad Core CPU - Intel: Sandy Bridge or later, AMD: Bulldozer or later",16 GB,DirectX 11 Graphics Card with 2 GB VRAM,83 GB,Windows 7/8.1/10/11 64-bit,"Quad Core CPU - Intel: Sandy Bridge or later, AMD: Bulldozer or later",32 GB,DirectX 11 Graphics Card with 8 GB VRAM,83 GB SSD,Windows 10/11 64-bit,"technical.city, Steam Store, official game websites"
Kerbal Space Program,Core 2 Duo,4 GB,SM 4.0 512MB VRAM,3 GB,Windows 7 64-bit,Core i5,8 GB,SM 4.0 1GB VRAM,3 GB SSD,Windows 10/11 64-bit,"technical.city, Steam Store, official game websites"
Kerbal Space Program 2,Intel Core i5-6400 / AMD Ryzen 5 1500X,12 GB,NVIDIA GTX 1060 / AMD Radeon RX 580,45 GB,Windows 10 64-bit,Intel Core i7-9700K / AMD Ryzen 7 3700X,16 GB,NVIDIA RTX 2070 / AMD Radeon RX 5700 XT,45 GB SSD,Windows 10/11 64-bit,"technical.city, Steam Store, official game websites"
Space Engineers,Intel i5 @ 3.0 GHz or higher (or AMD equivalent),8 GB,Geforce 750/Radeon R9 270X or higher,35 GB,Windows 7/8.1/10 64-bit,Intel Quad Core i5 @ 3.3 GHz or higher (or AMD equivalent),16 GB,Geforce 1070 GTX / Radeon RX Vega 56 or higher,35 GB SSD,Windows 10/11 64-bit,"technical.city, Steam Store, official game websites"
Empyrion - Galactic Survival,Dual-Core Processor 2.5 GHz,8 GB,NVIDIA GeForce GT 640 / ATI Radeon HD 5830,10 GB,Windows 7/8/10 64-bit,Quad-Core Processor 3.0 GHz,16 GB,NVIDIA GeForce GTX 970 / ATI Radeon R9 390,10 GB SSD,Windows 10/11 64-bit,"technical.city, Steam Store, official game websites"
Astroneer,"X64 Dual Core CPU, 2+ GHz",4 GB,Discrete Non Mobile GPU with 1 GB Ram,2 GB,Windows 7/8/10 64-bit,"X64 Quad Core CPU, 3+ GHz",8 GB,Discrete Non Mobile GPU with 2 GB RAM,2 GB SSD,Windows 10/11 64-bit,"technical.city, Steam Store, official game websites"
The Outer Worlds,Intel Core i3-3225 / AMD Phenom II X6 1100T,4 GB,Nvidia GTX 650 Ti / AMD HD 7850,40 GB,Windows 7/8/10 64-bit,Intel Core i7-7700K / Ryzen 5 1600,8 GB,GeForce GTX 1060 6GB / Radeon RX 470,40 GB SSD,Windows 10/11 64-bit,"technical.city, Steam Store, official game websites"
The Outer Worlds: Spacer's Choice Edition,Intel Core i7-6700 / AMD Ryzen 5 1500X,12 GB,NVIDIA GeForce GTX 1060 / AMD Radeon RX 590,62 GB,Windows 10 64-bit,Intel Core i7-9700K / AMD Ryzen 7 2700X,16 GB,NVIDIA GeForce RTX 2070 / AMD Radeon RX 6700 XT,62 GB SSD,Windows 10/11 64-bit,"technical.city, Steam Store, official game websites"
Outer Wilds,Intel Core i5-2300 / AMD FX-4350,4 GB,NVIDIA GeForce GTX 560 / AMD Radeon HD 6870,8 GB,Windows 7 64-bit,Intel Core i5-8400 / AMD Ryzen 5 2600X,8 GB,NVIDIA GeForce GTX 1060 / AMD Radeon RX 580,8 GB SSD,Windows 10/11 64-bit,"technical.city, Steam Store, official game websites"
Starbound,Dual Core 2.0 GHz,2 GB,256 MB Video Memory,3 GB,Windows XP,Dual Core 3.0 GHz,4 GB,512 MB Video Memory,3 GB SSD,Windows 10,"technical.city, Steam Store, official game websites"
Terraria,1.6 GHz,512 MB,128 MB Video Memory,200 MB,Windows XP,2.0 GHz,4 GB,256 MB Video Memory,200 MB SSD,Windows 10,"technical.city, Steam Store, official game websites"
Stardew Valley,2 GHz Processor,2 GB,"256 MB Video Memory, Shader Model 3.0+",500 MB,Windows Vista,Intel Core i5 / AMD equivalent,4 GB,NVIDIA GTX 460 / AMD Radeon HD 6850,500 MB SSD,Windows 10,"technical.city, Steam Store, official game websites"
My Time at Portia,Intel Core i3 or AMD equivalent,4 GB,NVIDIA GeForce GTX 660 / AMD Radeon R7 370,6 GB,Windows 7/8/10 64-bit,Intel Core i5 or AMD equivalent,8 GB,NVIDIA GeForce GTX 960 / AMD Radeon R9 380,6 GB SSD,Windows 10/11 64-bit,"technical.city, Steam Store, official game websites"
My Time at Sandrock,Intel Core i3 or AMD equivalent,8 GB,NVIDIA GeForce GTX 660 / AMD Radeon R7 370,20 GB,Windows 10 64-bit,Intel Core i5 or AMD equivalent,16 GB,NVIDIA GeForce GTX 960 / AMD Radeon R9 380,20 GB SSD,Windows 10/11 64-bit,"technical.city, Steam Store, official game websites"
Littlewood,Intel Core i3 or AMD equivalent,2 GB,Intel HD Graphics 4000,500 MB,Windows 7/8/10,Intel Core i5 or AMD equivalent,4 GB,NVIDIA GTX 650 / AMD Radeon HD 6850,500 MB SSD,Windows 10,"technical.city, Steam Store, official game websites"
Forager,Intel Core i3 or AMD equivalent,2 GB,Intel HD Graphics 4000,200 MB,Windows XP/Vista/7/8/10,Intel Core i5 or AMD equivalent,4 GB,NVIDIA GTX 650 / AMD Radeon HD 6850,200 MB SSD,Windows 10,"technical.city, Steam Store, official game websites"
Garden Story,Intel Core i3 or AMD equivalent,4 GB,Intel HD Graphics 4000,2 GB,Windows 7/8/10,Intel Core i5 or AMD equivalent,8 GB,NVIDIA GTX 650 / AMD Radeon HD 6850,2 GB SSD,Windows 10,"technical.city, Steam Store, official game websites"
Wytchwood,Intel Core i3 or AMD equivalent,4 GB,Intel HD Graphics 4000,2 GB,Windows 7/8/10,Intel Core i5 or AMD equivalent,8 GB,NVIDIA GTX 650 / AMD Radeon HD 6850,2 GB SSD,Windows 10,"technical.city, Steam Store, official game websites"
Cozy Grove,Intel Core i3 or AMD equivalent,4 GB,Intel HD Graphics 4000,3 GB,Windows 7/8/10,Intel Core i5 or AMD equivalent,8 GB,NVIDIA GTX 650 / AMD Radeon HD 6850,3 GB SSD,Windows 10,"technical.city, Steam Store, official game websites"
Spiritfarer,Intel Core i3 or AMD equivalent,4 GB,Intel HD Graphics 4000,7 GB,Windows 7/8/10,Intel Core i5 or AMD equivalent,8 GB,NVIDIA GTX 650 / AMD Radeon HD 6850,7 GB SSD,Windows 10,"technical.city, Steam Store, official game websites"
Unravel,Intel Core 2 Duo @ 2.4 GHz / AMD Athlon Phenom X2,4 GB,NVIDIA GeForce GT 640 / AMD Radeon R7 250X,8 GB,Windows 7/8.1/10 64-bit,Intel Core i5 @ 3.0 GHz / AMD FX 6100,8 GB,NVIDIA GeForce GTX 660 Ti / AMD Radeon R9 270,8 GB SSD,Windows 10/11 64-bit,"technical.city, Steam Store, official game websites"
Unravel Two,Intel Core i3-2120 @ 3.3 GHz / AMD FX-4350 @ 4.2 GHz,4 GB,NVIDIA GeForce GT 640 / AMD Radeon R7 250X,8 GB,Windows 7/8.1/10 64-bit,Intel Core i5-4460 @ 3.2 GHz / AMD FX-6300 @ 3.5 GHz,8 GB,NVIDIA GeForce GTX 660 Ti / AMD Radeon R9 270,8 GB SSD,Windows 10/11 64-bit,"technical.city, Steam Store, official game websites"
It Takes Two,Intel Core i3-2100T / AMD FX 6100,8 GB,Nvidia GeForce GTX 660 / AMD R7 260x,50 GB,Windows 8.1/10 64-bit,Intel Core i5 3570K / AMD Ryzen 3 1300x,16 GB,Nvidia GeForce GTX 980 / AMD R9 290X,50 GB SSD,Windows 10/11 64-bit,"technical.city, Steam Store, official game websites"
A Way Out,Intel Core i3-2100T / AMD FX 6100,8 GB,Nvidia GeForce GTX 650 Ti / AMD R7 260x,25 GB,Windows 7/8/8.1/10 64-bit,Intel Core i5 3570K / AMD Ryzen 3 1300x,16 GB,Nvidia GeForce GTX 970 / AMD R9 290,25 GB SSD,Windows 10/11 64-bit,"technical.city, Steam Store, official game websites"
Brothers: A Tale of Two Sons,2.4 GHz Core 2 Duo,2 GB,NVIDIA GeForce 8600 / ATI Radeon HD 2600,2 GB,Windows XP SP3,2.4 GHz Core 2 Duo,4 GB,NVIDIA GeForce GTX 550 Ti / ATI Radeon HD 6850,2 GB SSD,Windows 10,"technical.city, Steam Store, official game websites"
Portal 2,"3.0 GHz P4, Dual Core 2.0 (or higher) or AMD64X2 (or higher)",2 GB,Video card must be 128 MB or more and with support for Pixel Shader 2.0b (ATI Radeon X800 or higher / NVIDIA GeForce 7600 or higher / Intel HD Graphics 2000 or higher),8 GB,Windows 7/8/8.1/10,"3.0 GHz P4, Dual Core 2.0 (or higher) or AMD64X2 (or higher)",4 GB,Video card must be 256 MB or more and with support for Pixel Shader 2.0b (ATI Radeon X800 or higher / NVIDIA GeForce 7600 or higher / Intel HD Graphics 2000 or higher),8 GB SSD,Windows 10,"technical.city, Steam Store, official game websites"
Portal,1.7 GHz Processor,512 MB,DirectX 8.1 level Graphics Card (Requires support for SSE),4 GB,Windows 7/8/8.1/10,"Pentium 4 processor (3.0GHz, or better)",1 GB,DirectX 9 level Graphics Card,4 GB SSD,Windows 10,"technical.city, Steam Store, official game websites"
Left 4 Dead 2,Pentium 4 3.0GHz,2 GB,"Video card with 128 MB, Shader model 2.0. ATI X800, NVidia 6600 or better",13 GB,Windows 7/8/8.1/10,Intel core 2 duo 2.4GHz,2 GB,"Video Card Shader model 3.0. NVidia 7600, ATI X1600 or better",13 GB SSD,Windows 10,"technical.city, Steam Store, official game websites"
Left 4 Dead,Pentium 4 3.0GHz,1 GB,"ATI X800, NVidia 6600 or better",7.5 GB,Windows 7/8/8.1/10,Intel core 2 duo 2.4GHz,2 GB,"NVidia 7600, ATI X1600 or better",7.5 GB SSD,Windows 10,"technical.city, Steam Store, official game websites"
Half-Life 2,1.7 GHz Processor,512 MB,DirectX 8.1 level Graphics Card (Requires support for SSE),4.5 GB,Windows 7/8/8.1/10,"Pentium 4 processor (3.0GHz, or better)",1 GB,DirectX 9 level Graphics Card,4.5 GB SSD,Windows 10,"technical.city, Steam Store, official game websites"
Half-Life,500 MHz Processor,96 MB,16 MB video card,400 MB,Windows XP/ME/98/95,800 MHz Processor,128 MB,32 MB video card,400 MB SSD,Windows 10,"technical.city, Steam Store, official game websites"
Half-Life: Alyx,Intel Core i5-7500 / AMD Ryzen 5 1600,12 GB,NVIDIA GTX 1060 / AMD Radeon RX 580,50 GB,Windows 10 64-bit,Intel Core i7-9700K / AMD Ryzen 7 3700X,16 GB,NVIDIA RTX 2070 / AMD Radeon RX 5700 XT,50 GB SSD,Windows 10/11 64-bit,"technical.city, Steam Store, official game websites"
Counter-Strike: Global Offensive,Intel Core 2 Duo E6600 / AMD Phenom X3 8750,2 GB,Video card must be 256 MB or more and should be a DirectX 9-compatible with support for Pixel Shader 3.0,15 GB,Windows 7/Vista/XP,Intel Pentium Dual-Core E5700 3GHz / AMD Phenom II X3 720,4 GB,Video card should be 512 MB or more,15 GB SSD,Windows 10,"technical.city, Steam Store, official game websites"
Counter-Strike: Source,1.7 GHz Processor,512 MB,DirectX 8.1 level Graphics Card (Requires support for SSE),4.5 GB,Windows 7/8/8.1/10,"Pentium 4 processor (3.0GHz, or better)",1 GB,DirectX 9 level Graphics Card,4.5 GB SSD,Windows 10,"technical.city, Steam Store, official game websites"
Counter-Strike,500 MHz Processor,96 MB,16 MB video card,500 MB,Windows XP/ME/98/95,800 MHz Processor,128 MB,32 MB video card,500 MB SSD,Windows 10,"technical.city, Steam Store, official game websites"
Team Fortress 2,1.7 GHz Processor,512 MB,DirectX 8.1 level Graphics Card (Requires support for SSE),15 GB,Windows 7/8/8.1/10,"Pentium 4 processor (3.0GHz, or better)",1 GB,DirectX 9 level Graphics Card,15 GB SSD,Windows 10,"technical.city, Steam Store, official game websites"
Garry's Mod,1.7 GHz Processor,2 GB,DirectX 8.1 level Graphics Card (Requires support for SSE),5 GB,Windows Vista/XP/7/8/8.1/10,"Pentium 4 processor (3.0GHz, or better)",4 GB,DirectX 9 level Graphics Card,5 GB SSD,Windows 10,"technical.city, Steam Store, official game websites"
Rust,Intel Core i7-3770 / AMD FX-9590,10 GB,GTX 670 2GB / AMD R9 280 better,20 GB SSD,Windows 10 64-bit,Intel Core i7-4790K / AMD Ryzen 5 1500X,16 GB,GTX 980 / AMD R9 Fury,20 GB SSD,Windows 10/11 64-bit,"technical.city, Steam Store, official game websites"
DayZ,Intel Core i5-4430,8 GB,NVIDIA GeForce GTX 760 or AMD R9 270X,16 GB,Windows 10 64-bit,Intel Core i5-6600K or AMD R5 1600X,12 GB,NVIDIA GeForce GTX 1060 or AMD RX 580,16 GB SSD,Windows 10/11 64-bit,"technical.city, Steam Store, official game websites"
Arma 3,Intel Dual-Core 2.4 GHz / AMD Dual-Core Athlon 2.5 GHz,4 GB,NVIDIA GeForce 9800GT / AMD Radeon HD 5670 / Intel HD Graphics 4000 with 512 MB VRAM,20 GB,Windows 7 SP1 64-bit,Intel Core i5-4460 / AMD FX 4300 or better,8 GB,NVIDIA GeForce GTX 660 / AMD Radeon HD 7800 Series with 2 GB VRAM,20 GB SSD,Windows 10/11 64-bit,"technical.city, Steam Store, official game websites"
Arma 2,Intel Dual-Core 2.4 GHz / AMD Dual-Core Athlon 2.5 GHz,2 GB,NVIDIA GeForce 8600GT / AMD Radeon HD 3650 / Intel HD Graphics 3000 with 512 MB VRAM,12 GB,Windows XP,Intel Core i5-4460 / AMD FX 4300 or better,4 GB,NVIDIA GeForce GTX 260 / AMD Radeon HD 5770 with 1 GB VRAM,12 GB SSD,Windows 10,"technical.city, Steam Store, official game websites"
Operation Flashpoint: Dragon Rising,Intel Dual-Core 2.0 GHz / AMD Dual-Core Athlon 2.0 GHz,1 GB,NVIDIA GeForce 7600GT / ATI Radeon X1800 with 256 MB VRAM,8 GB,Windows XP/Vista,Intel Core 2 Duo 2.4 GHz / AMD Athlon X2 2.7 GHz,2 GB,NVIDIA GeForce 8800GT / ATI Radeon HD 3850 with 512 MB VRAM,8 GB SSD,Windows 10,"technical.city, Steam Store, official game websites"
Operation Flashpoint: Red River,Intel Dual-Core 2.0 GHz / AMD Dual-Core Athlon 2.0 GHz,1 GB,NVIDIA GeForce 7600GT / ATI Radeon X1800 with 256 MB VRAM,8 GB,Windows XP/Vista,Intel Core 2 Duo 2.4 GHz / AMD Athlon X2 2.7 GHz,2 GB,NVIDIA GeForce 8800GT / ATI Radeon HD 3850 with 512 MB VRAM,8 GB SSD,Windows 10,"technical.city, Steam Store, official game websites"
Flashpoint Campaigns: Red Storm Player's Edition,Intel Dual-Core 2.0 GHz / AMD Dual-Core Athlon 2.0 GHz,1 GB,NVIDIA GeForce 7600GT / ATI Radeon X1800 with 256 MB VRAM,2 GB,Windows XP/Vista/7/8,Intel Core 2 Duo 2.4 GHz / AMD Athlon X2 2.7 GHz,2 GB,NVIDIA GeForce 8800GT / ATI Radeon HD 3850 with 512 MB VRAM,2 GB SSD,Windows 10,"technical.city, Steam Store, official game websites"
Flashpoint Germany,Intel Pentium 4 1.5 GHz / AMD Athlon XP 1500+,256 MB,16 MB video card with DirectX 9.0c support,500 MB,Windows 2000/XP,Intel Pentium 4 2.0 GHz / AMD Athlon XP 2000+,512 MB,32 MB video card with DirectX 9.0c support,500 MB SSD,Windows 10,"technical.city, Steam Store, official game websites"
Squad,Intel Core i / AMD Ryzen with 4 physical cores,8 GB,NVIDIA GeForce GTX 770 / AMD Radeon HD 7970,55 GB,Windows 10 64-bit,Intel Core i / AMD Ryzen with 6 physical cores,16 GB,NVIDIA GeForce GTX 970 / AMD Radeon R9 390,55 GB SSD,Windows 10/11 64-bit,"technical.city, Steam Store, official game websites"
Post Scriptum,Intel Core i5-2500K / AMD FX-8320,8 GB,NVIDIA GTX 770 / AMD Radeon HD 7970,35 GB,Windows 10 64-bit,Intel Core i7-4790K / AMD Ryzen 5 1500X,16 GB,NVIDIA GTX 970 / AMD Radeon R9 290,35 GB SSD,Windows 10/11 64-bit,"technical.city, Steam Store, official game websites"
Beyond The Wire,Intel Core i5-2500K / AMD FX-8320,8 GB,NVIDIA GTX 770 / AMD Radeon HD 7970,20 GB,Windows 10 64-bit,Intel Core i7-4790K / AMD Ryzen 5 1500X,16 GB,NVIDIA GTX 970 / AMD Radeon R9 290,20 GB SSD,Windows 10/11 64-bit,"technical.city, Steam Store, official game websites"
Hell Let Loose,Intel Core i5-2300 / AMD FX-8120,8 GB,NVIDIA GTX 960 / AMD Radeon R9 280,30 GB,Windows 10 64-bit,Intel Core i7-4770K / AMD Ryzen 5 1500X,16 GB,NVIDIA GTX 1060 / AMD Radeon RX 580,30 GB SSD,Windows 10/11 64-bit,"technical.city, Steam Store, official game websites"
Enlisted,Intel Core i5-2500K / AMD FX-8320,8 GB,NVIDIA GTX 660 / AMD Radeon HD 7870,25 GB,Windows 10 64-bit,Intel Core i7-4770K / AMD Ryzen 5 1500X,16 GB,NVIDIA GTX 1060 / AMD Radeon RX 580,25 GB SSD,Windows 10/11 64-bit,"technical.city, Steam Store, official game websites"
War Thunder,2.2 GHz,4 GB,Intel HD Graphics 4000 / AMD Radeon 46XX / NVIDIA GeForce GT 520,17 GB,Windows 7/8/10 64-bit,Dual-Core 2.4 GHz,8 GB,NVIDIA GeForce GTX 660 / AMD Radeon R9 270 / Intel HD Graphics 630,17 GB SSD,Windows 10/11 64-bit,"technical.city, Steam Store, official game websites"
World of Tanks,Intel Pentium 4 2.5 GHz / AMD Athlon XP 2500+,2 GB,NVIDIA GeForce 6800 / ATI Radeon x1300,40 GB,Windows 7/8/10,Intel Core i5-3330 / AMD Ryzen 3 1300X,4 GB,NVIDIA GeForce GTX 660 / AMD Radeon HD 7850,40 GB SSD,Windows 10/11,"technical.city, Steam Store, official game websites"
World of Warships,Intel Core 2 Duo 2.5 GHz / AMD Athlon X2 3 GHz,2 GB,NVIDIA GeForce 9600GT / ATI Radeon HD 4670,35 GB,Windows 7/8/10,Intel Core i5-3300 / AMD Ryzen 3 1300X,4 GB,NVIDIA GeForce GTX 660 / AMD Radeon HD 7850,35 GB SSD,Windows 10/11,"technical.city, Steam Store, official game websites"
World of Warplanes,Intel Core 2 Duo 2.5 GHz / AMD Athlon X2 3 GHz,2 GB,NVIDIA GeForce 9600GT / ATI Radeon HD 4670,15 GB,Windows 7/8/10,Intel Core i5-3300 / AMD Ryzen 3 1300X,4 GB,NVIDIA GeForce GTX 660 / AMD Radeon HD 7850,15 GB SSD,Windows 10/11,"technical.city, Steam Store, official game websites"
Crossout,Intel Core i3-560 / AMD Phenom II X4 945,4 GB,NVIDIA GeForce GTX 560 / AMD Radeon HD 6870,7 GB,Windows 7/8/10 64-bit,Intel Core i5-2400 / AMD FX-6300,8 GB,NVIDIA GeForce GTX 760 / AMD Radeon R9 270X,7 GB SSD,Windows 10/11 64-bit,"technical.city, Steam Store, official game websites"
Star Conflict,Intel Core 2 Duo 2.5 GHz / AMD Athlon X2 3 GHz,2 GB,NVIDIA GeForce 9600GT / ATI Radeon HD 4670,5 GB,Windows 7/8/10,Intel Core i5-3300 / AMD Ryzen 3 1300X,4 GB,NVIDIA GeForce GTX 660 / AMD Radeon HD 7850,5 GB SSD,Windows 10/11,"technical.city, Steam Store, official game websites"
Star Trek Online,Intel Core 2 Duo 2.0 GHz / AMD Athlon X2 2.0 GHz,2 GB,NVIDIA GeForce 7800 / ATI Radeon X1800,10 GB,Windows XP/Vista/7/8,Intel Core 2 Duo 2.4 GHz / AMD Athlon X2 2.7 GHz,4 GB,NVIDIA GeForce 8800GT / ATI Radeon HD 3850,10 GB SSD,Windows 10,"technical.city, Steam Store, official game websites"
Neverwinter,Intel Core 2 Duo 2.0 GHz / AMD Athlon X2 2.0 GHz,2 GB,NVIDIA GeForce 7800 / ATI Radeon X1800,10 GB,Windows XP/Vista/7/8,Intel Core 2 Duo 2.4 GHz / AMD Athlon X2 2.7 GHz,4 GB,NVIDIA GeForce 8800GT / ATI Radeon HD 3850,10 GB SSD,Windows 10,"technical.city, Steam Store, official game websites"
Dungeons & Dragons Online,Intel Core 2 Duo 2.0 GHz / AMD Athlon X2 2.0 GHz,2 GB,NVIDIA GeForce 7800 / ATI Radeon X1800,10 GB,Windows XP/Vista/7/8,Intel Core 2 Duo 2.4 GHz / AMD Athlon X2 2.7 GHz,4 GB,NVIDIA GeForce 8800GT / ATI Radeon HD 3850,10 GB SSD,Windows 10,"technical.city, Steam Store, official game websites"
Lord of the Rings Online,Intel Core 2 Duo 2.0 GHz / AMD Athlon X2 2.0 GHz,2 GB,NVIDIA GeForce 7800 / ATI Radeon X1800,10 GB,Windows XP/Vista/7/8,Intel Core 2 Duo 2.4 GHz / AMD Athlon X2 2.7 GHz,4 GB,NVIDIA GeForce 8800GT / ATI Radeon HD 3850,10 GB SSD,Windows 10,"technical.city, Steam Store, official game websites"
Dungeons & Dragons: Chronicles of Mystara,Intel Core 2 Duo 2.0 GHz / AMD Athlon X2 2.0 GHz,2 GB,NVIDIA GeForce 7800 / ATI Radeon X1800,1 GB,Windows XP/Vista/7/8,Intel Core 2 Duo 2.4 GHz / AMD Athlon X2 2.7 GHz,4 GB,NVIDIA GeForce 8800GT / ATI Radeon HD 3850,1 GB SSD,Windows 10,"technical.city, Steam Store, official game websites"
Baldur's Gate: Dark Alliance,Intel Core 2 Duo 2.0 GHz / AMD Athlon X2 2.0 GHz,2 GB,NVIDIA GeForce 7800 / ATI Radeon X1800,2 GB,Windows XP/Vista/7/8,Intel Core 2 Duo 2.4 GHz / AMD Athlon X2 2.7 GHz,4 GB,NVIDIA GeForce 8800GT / ATI Radeon HD 3850,2 GB SSD,Windows 10,"technical.city, Steam Store, official game websites"
Baldur's Gate: Dark Alliance II,Intel Core 2 Duo 2.0 GHz / AMD Athlon X2 2.0 GHz,2 GB,NVIDIA GeForce 7800 / ATI Radeon X1800,2 GB,Windows XP/Vista/7/8,Intel Core 2 Duo 2.4 GHz / AMD Athlon X2 2.7 GHz,4 GB,NVIDIA GeForce 8800GT / ATI Radeon HD 3850,2 GB SSD,Windows 10,"technical.city, Steam Store, official game websites"
Champions of Krynn,Intel Pentium 4 1.0 GHz / AMD Athlon XP 1000+,256 MB,16 MB video card with DirectX 7.0 support,100 MB,Windows 95/98/ME/2000,Intel Pentium 4 1.5 GHz / AMD Athlon XP 1500+,512 MB,32 MB video card with DirectX 7.0 support,100 MB SSD,Windows 10,"technical.city, Steam Store, official game websites"
Death Knights of Krynn,Intel Pentium 4 1.0 GHz / AMD Athlon XP 1000+,256 MB,16 MB video card with DirectX 7.0 support,100 MB,Windows 95/98/ME/2000,Intel Pentium 4 1.5 GHz / AMD Athlon XP 1500+,512 MB,32 MB video card with DirectX 7.0 support,100 MB SSD,Windows 10,"technical.city, Steam Store, official game websites"
The Dark Queen of Krynn,Intel Pentium 4 1.0 GHz / AMD Athlon XP 1000+,256 MB,16 MB video card with DirectX 7.0 support,100 MB,Windows 95/98/ME/2000,Intel Pentium 4 1.5 GHz / AMD Athlon XP 1500+,512 MB,32 MB video card with DirectX 7.0 support,100 MB SSD,Windows 10,"technical.city, Steam Store, official game websites"
Pool of Radiance,Intel Pentium 4 1.0 GHz / AMD Athlon XP 1000+,256 MB,16 MB video card with DirectX 7.0 support,100 MB,Windows 95/98/ME/2000,Intel Pentium 4 1.5 GHz / AMD Athlon XP 1500+,512 MB,32 MB video card with DirectX 7.0 support,100 MB SSD,Windows 10,"technical.city, Steam Store, official game websites"
Curse of the Azure Bonds,Intel Pentium 4 1.0 GHz / AMD Athlon XP 1000+,256 MB,16 MB video card with DirectX 7.0 support,100 MB,Windows 95/98/ME/2000,Intel Pentium 4 1.5 GHz / AMD Athlon XP 1500+,512 MB,32 MB video card with DirectX 7.0 support,100 MB SSD,Windows 10,"technical.city, Steam Store, official game websites"
Secret of the Silver Blades,Intel Pentium 4 1.0 GHz / AMD Athlon XP 1000+,256 MB,16 MB video card with DirectX 7.0 support,100 MB,Windows 95/98/ME/2000,Intel Pentium 4 1.5 GHz / AMD Athlon XP 1500+,512 MB,32 MB video card with DirectX 7.0 support,100 MB SSD,Windows 10,"technical.city, Steam Store, official game websites"
Pools of Darkness,Intel Pentium 4 1.0 GHz / AMD Athlon XP 1000+,256 MB,16 MB video card with DirectX 7.0 support,100 MB,Windows 95/98/ME/2000,Intel Pentium 4 1.5 GHz / AMD Athlon XP 1500+,512 MB,32 MB video card with DirectX 7.0 support,100 MB SSD,Windows 10,"technical.city, Steam Store, official game websites"
Gateway to the Savage Frontier,Intel Pentium 4 1.0 GHz / AMD Athlon XP 1000+,256 MB,16 MB video card with DirectX 7.0 support,100 MB,Windows 95/98/ME/2000,Intel Pentium 4 1.5 GHz / AMD Athlon XP 1500+,512 MB,32 MB video card with DirectX 7.0 support,100 MB SSD,Windows 10,"technical.city, Steam Store, official game websites"
Treasures of the Savage Frontier,Intel Pentium 4 1.0 GHz / AMD Athlon XP 1000+,256 MB,16 MB video card with DirectX 7.0 support,100 MB,Windows 95/98/ME/2000,Intel Pentium 4 1.5 GHz / AMD Athlon XP 1500+,512 MB,32 MB video card with DirectX 7.0 support,100 MB SSD,Windows 10,"technical.city, Steam Store, official game websites"
Spelljammer: Pirates of Realmspace,Intel Pentium 4 1.0 GHz / AMD Athlon XP 1000+,256 MB,16 MB video card with DirectX 7.0 support,100 MB,Windows 95/98/ME/2000,Intel Pentium 4 1.5 GHz / AMD Athlon XP 1500+,512 MB,32 MB video card with DirectX 7.0 support,100 MB SSD,Windows 10,"technical.city, Steam Store, official game websites"
Forgotten Realms: Unlimited Adventures,Intel Pentium 4 1.0 GHz / AMD Athlon XP 1000+,256 MB,16 MB video card with DirectX 7.0 support,100 MB,Windows 95/98/ME/2000,Intel Pentium 4 1.5 GHz / AMD Athlon XP 1500+,512 MB,32 MB video card with DirectX 7.0 support,100 MB SSD,Windows 10,"technical.city, Steam Store, official game websites"
Ravenloft: Strahd's Possession,Intel Pentium 4 1.0 GHz / AMD Athlon XP 1000+,256 MB,16 MB video card with DirectX 7.0 support,100 MB,Windows 95/98/ME/2000,Intel Pentium 4 1.5 GHz / AMD Athlon XP 1500+,512 MB,32 MB video card with DirectX 7.0 support,100 MB SSD,Windows 10,"technical.city, Steam Store, official game websites"
Ravenloft: Stone Prophet,Intel Pentium 4 1.0 GHz / AMD Athlon XP 1000+,256 MB,16 MB video card with DirectX 7.0 support,100 MB,Windows 95/98/ME/2000,Intel Pentium 4 1.5 GHz / AMD Athlon XP 1500+,512 MB,32 MB video card with DirectX 7.0 support,100 MB SSD,Windows 10,"technical.city, Steam Store, official game websites"
Menzoberranzan,Intel Pentium 4 1.0 GHz / AMD Athlon XP 1000+,256 MB,16 MB video card with DirectX 7.0 support,100 MB,Windows 95/98/ME/2000,Intel Pentium 4 1.5 GHz / AMD Athlon XP 1500+,512 MB,32 MB video card with DirectX 7.0 support,100 MB SSD,Windows 10,"technical.city, Steam Store, official game websites"
Dark Sun: Shattered Lands,Intel Pentium 4 1.0 GHz / AMD Athlon XP 1000+,256 MB,16 MB video card with DirectX 7.0 support,100 MB,Windows 95/98/ME/2000,Intel Pentium 4 1.5 GHz / AMD Athlon XP 1500+,512 MB,32 MB video card with DirectX 7.0 support,100 MB SSD,Windows 10,"technical.city, Steam Store, official game websites"
Dark Sun: Wake of the Ravager,Intel Pentium 4 1.0 GHz / AMD Athlon XP 1000+,256 MB,16 MB video card with DirectX 7.0 support,100 MB,Windows 95/98/ME/2000,Intel Pentium 4 1.5 GHz / AMD Athlon XP 1500+,512 MB,32 MB video card with DirectX 7.0 support,100 MB SSD,Windows 10,"technical.city, Steam Store, official game websites"
Al-Qadim: The Genie's Curse,Intel Pentium 4 1.0 GHz / AMD Athlon XP 1000+,256 MB,16 MB video card with DirectX 7.0 support,100 MB,Windows 95/98/ME/2000,Intel Pentium 4 1.5 GHz / AMD Athlon XP 1500+,512 MB,32 MB video card with DirectX 7.0 support,100 MB SSD,Windows 10,"technical.city, Steam Store, official game websites"
Blood & Magic,Intel Pentium 4 1.0 GHz / AMD Athlon XP 1000+,256 MB,16 MB video card with DirectX 7.0 support,100 MB,Windows 95/98/ME/2000,Intel Pentium 4 1.5 GHz / AMD Athlon XP 1500+,512 MB,32 MB video card with DirectX 7.0 support,100 MB SSD,Windows 10,"technical.city, Steam Store, official game websites"
Descent to Undermountain,Intel Pentium 4 1.0 GHz / AMD Athlon XP 1000+,256 MB,16 MB video card with DirectX 7.0 support,100 MB,Windows 95/98/ME/2000,Intel Pentium 4 1.5 GHz / AMD Athlon XP 1500+,512 MB,32 MB video card with DirectX 7.0 support,100 MB SSD,Windows 10,"technical.city, Steam Store, official game websites"
Iron & Blood: Warriors of Ravenloft,Intel Pentium 4 1.0 GHz / AMD Athlon XP 1000+,256 MB,16 MB video card with DirectX 7.0 support,100 MB,Windows 95/98/ME/2000,Intel Pentium 4 1.5 GHz / AMD Athlon XP 1500+,512 MB,32 MB video card with DirectX 7.0 support,100 MB SSD,Windows 10,"technical.city, Steam Store, official game websites"
Stronghold,Intel Pentium 4 1.5 GHz / AMD Athlon XP 1500+,256 MB,32 MB video card with DirectX 8.1 support,500 MB,Windows 98/ME/2000/XP,Intel Pentium 4 2.0 GHz / AMD Athlon XP 2000+,512 MB,64 MB video card with DirectX 8.1 support,500 MB SSD,Windows 10,"technical.city, Steam Store, official game websites"
Stronghold Crusader,Intel Pentium 4 1.5 GHz / AMD Athlon XP 1500+,256 MB,32 MB video card with DirectX 8.1 support,850 MB,Windows 98/ME/2000/XP,Intel Pentium 4 2.0 GHz / AMD Athlon XP 2000+,512 MB,64 MB video card with DirectX 8.1 support,850 MB SSD,Windows 10,"technical.city, Steam Store, official game websites"
Stronghold 2,Intel Pentium 4 1.5 GHz / AMD Athlon XP 1500+,512 MB,64 MB video card with DirectX 9.0c support,2 GB,Windows 2000/XP,Intel Pentium 4 2.4 GHz / AMD Athlon XP 2400+,1 GB,128 MB video card with DirectX 9.0c support,2 GB SSD,Windows 10,"technical.city, Steam Store, official game websites"
Stronghold Legends,Intel Pentium 4 1.5 GHz / AMD Athlon XP 1500+,512 MB,64 MB video card with DirectX 9.0c support,2 GB,Windows 2000/XP,Intel Pentium 4 2.4 GHz / AMD Athlon XP 2400+,1 GB,128 MB video card with DirectX 9.0c support,2 GB SSD,Windows 10,"technical.city, Steam Store, official game websites"
Stronghold Crusader Extreme,Intel Pentium 4 1.5 GHz / AMD Athlon XP 1500+,512 MB,64 MB video card with DirectX 9.0c support,1.5 GB,Windows 2000/XP,Intel Pentium 4 2.4 GHz / AMD Athlon XP 2400+,1 GB,128 MB video card with DirectX 9.0c support,1.5 GB SSD,Windows 10,"technical.city, Steam Store, official game websites"
Stronghold 3,Intel Pentium 4 2.0 GHz / AMD Athlon XP 2000+,2 GB,256 MB video card with DirectX 9.0c support,5 GB,Windows XP/Vista/7,Intel Core 2 Duo 2.4 GHz / AMD Athlon X2 2.7 GHz,4 GB,512 MB video card with DirectX 9.0c support,5 GB SSD,Windows 10,"technical.city, Steam Store, official game websites"
Stronghold Kingdoms,Intel Pentium 4 2.0 GHz / AMD Athlon XP 2000+,1 GB,256 MB video card with DirectX 9.0c support,500 MB,Windows XP/Vista/7/8,Intel Core 2 Duo 2.4 GHz / AMD Athlon X2 2.7 GHz,2 GB,512 MB video card with DirectX 9.0c support,500 MB SSD,Windows 10,"technical.city, Steam Store, official game websites"
Stronghold Crusader II,Intel Core 2 Duo 2.4 GHz / AMD Athlon X2 2.7 GHz,4 GB,512 MB video card with DirectX 9.0c support,6 GB,Windows XP/Vista/7/8,Intel Core i5 / AMD FX-6300,8 GB,1 GB video card with DirectX 9.0c support,6 GB SSD,Windows 10,"technical.city, Steam Store, official game websites"
Stronghold Warlords,Intel Core i3-3220 / AMD FX-6300,4 GB,Intel HD 4000 / NVIDIA GT 630 / AMD Radeon HD 5570,6 GB,Windows 7/8/10 64-bit,Intel Core i5-4690 / AMD FX-8350,8 GB,NVIDIA GTX 660 / AMD Radeon HD 7850,6 GB SSD,Windows 10/11 64-bit,"technical.city, Steam Store, official game websites"
Age of Empires,Intel Pentium 4 1.2 GHz / AMD Athlon XP 1200+,256 MB,32 MB video card with DirectX 7.0 support,500 MB,Windows 95/98/ME/2000,Intel Pentium 4 1.5 GHz / AMD Athlon XP 1500+,512 MB,64 MB video card with DirectX 7.0 support,500 MB SSD,Windows 10,"technical.city, Steam Store, official game websites"
Age of Empires II: The Age of Kings,Intel Pentium 4 1.2 GHz / AMD Athlon XP 1200+,256 MB,32 MB video card with DirectX 7.0 support,500 MB,Windows 95/98/ME/2000/XP,Intel Pentium 4 1.5 GHz / AMD Athlon XP 1500+,512 MB,64 MB video card with DirectX 7.0 support,500 MB SSD,Windows 10,"technical.city, Steam Store, official game websites"
Age of Empires II: The Conquerors,Intel Pentium 4 1.2 GHz / AMD Athlon XP 1200+,256 MB,32 MB video card with DirectX 7.0 support,500 MB,Windows 95/98/ME/2000/XP,Intel Pentium 4 1.5 GHz / AMD Athlon XP 1500+,512 MB,64 MB video card with DirectX 7.0 support,500 MB SSD,Windows 10,"technical.city, Steam Store, official game websites"
Age of Empires III,Intel Pentium 4 1.4 GHz / AMD Athlon XP 1400+,256 MB,64 MB video card with DirectX 9.0c support,2 GB,Windows XP,Intel Pentium 4 2.0 GHz / AMD Athlon XP 2000+,512 MB,128 MB video card with DirectX 9.0c support,2 GB SSD,Windows 10,"technical.city, Steam Store, official game websites"
Age of Empires III: The WarChiefs,Intel Pentium 4 1.4 GHz / AMD Athlon XP 1400+,256 MB,64 MB video card with DirectX 9.0c support,2 GB,Windows XP,Intel Pentium 4 2.0 GHz / AMD Athlon XP 2000+,512 MB,128 MB video card with DirectX 9.0c support,2 GB SSD,Windows 10,"technical.city, Steam Store, official game websites"
Age of Empires III: The Asian Dynasties,Intel Pentium 4 1.4 GHz / AMD Athlon XP 1400+,256 MB,64 MB video card with DirectX 9.0c support,2 GB,Windows XP,Intel Pentium 4 2.0 GHz / AMD Athlon XP 2000+,512 MB,128 MB video card with DirectX 9.0c support,2 GB SSD,Windows 10,"technical.city, Steam Store, official game websites"
Age of Mythology,Intel Pentium 4 1.4 GHz / AMD Athlon XP 1400+,256 MB,64 MB video card with DirectX 9.0c support,1.5 GB,Windows 98/ME/2000/XP,Intel Pentium 4 2.0 GHz / AMD Athlon XP 2000+,512 MB,128 MB video card with DirectX 9.0c support,1.5 GB SSD,Windows 10,"technical.city, Steam Store, official game websites"
Age of Mythology: The Titans,Intel Pentium 4 1.4 GHz / AMD Athlon XP 1400+,256 MB,64 MB video card with DirectX 9.0c support,1.5 GB,Windows 98/ME/2000/XP,Intel Pentium 4 2.0 GHz / AMD Athlon XP 2000+,512 MB,128 MB video card with DirectX 9.0c support,1.5 GB SSD,Windows 10,"technical.city, Steam Store, official game websites"
Age of Empires Online,Intel Pentium 4 2.0 GHz / AMD Athlon XP 2000+,1 GB,128 MB video card with DirectX 9.0c support,3 GB,Windows Vista/7,Intel Core 2 Duo 2.4 GHz / AMD Athlon X2 2.7 GHz,2 GB,256 MB video card with DirectX 9.0c support,3 GB SSD,Windows 10,"technical.city, Steam Store, official game websites"
Age of Empires: Castle Siege,Intel Core 2 Duo 2.0 GHz / AMD Athlon X2 2.0 GHz,2 GB,256 MB video card with DirectX 10 support,2 GB,Windows 8/8.1/10,Intel Core 2 Duo 2.4 GHz / AMD Athlon X2 2.7 GHz,4 GB,512 MB video card with DirectX 10 support,2 GB SSD,Windows 10,"technical.city, Steam Store, official game websites"
Rise of Nations,Intel Pentium 4 1.5 GHz / AMD Athlon XP 1500+,256 MB,32 MB video card with DirectX 8.1 support,2 GB,Windows 98/ME/2000/XP,Intel Pentium 4 2.0 GHz / AMD Athlon XP 2000+,512 MB,64 MB video card with DirectX 8.1 support,2 GB SSD,Windows 10,"technical.city, Steam Store, official game websites"
Rise of Nations: Thrones & Patriots,Intel Pentium 4 1.5 GHz / AMD Athlon XP 1500+,256 MB,32 MB video card with DirectX 8.1 support,2 GB,Windows 98/ME/2000/XP,Intel Pentium 4 2.0 GHz / AMD Athlon XP 2000+,512 MB,64 MB video card with DirectX 8.1 support,2 GB SSD,Windows 10,"technical.city, Steam Store, official game websites"
Rise of Nations: Rise of Legends,Intel Pentium 4 1.8 GHz / AMD Athlon XP 1800+,512 MB,64 MB video card with DirectX 9.0c support,4 GB,Windows XP,Intel Pentium 4 2.4 GHz / AMD Athlon XP 2400+,1 GB,128 MB video card with DirectX 9.0c support,4 GB SSD,Windows 10,"technical.city, Steam Store, official game websites"
Empire Earth,Intel Pentium 4 1.5 GHz / AMD Athlon XP 1500+,256 MB,32 MB video card with DirectX 8.1 support,500 MB,Windows 95/98/ME/2000,Intel Pentium 4 2.0 GHz / AMD Athlon XP 2000+,512 MB,64 MB video card with DirectX 8.1 support,500 MB SSD,Windows 10,"technical.city, Steam Store, official game websites"
Empire Earth: The Art of Conquest,Intel Pentium 4 1.5 GHz / AMD Athlon XP 1500+,256 MB,32 MB video card with DirectX 8.1 support,500 MB,Windows 95/98/ME/2000,Intel Pentium 4 2.0 GHz / AMD Athlon XP 2000+,512 MB,64 MB video card with DirectX 8.1 support,500 MB SSD,Windows 10,"technical.city, Steam Store, official game websites"
Empire Earth II,Intel Pentium 4 1.8 GHz / AMD Athlon XP 1800+,512 MB,64 MB video card with DirectX 9.0c support,1.5 GB,Windows 2000/XP,Intel Pentium 4 2.4 GHz / AMD Athlon XP 2400+,1 GB,128 MB video card with DirectX 9.0c support,1.5 GB SSD,Windows 10,"technical.city, Steam Store, official game websites"
Empire Earth II: The Art of Supremacy,Intel Pentium 4 1.8 GHz / AMD Athlon XP 1800+,512 MB,64 MB video card with DirectX 9.0c support,1.5 GB,Windows 2000/XP,Intel Pentium 4 2.4 GHz / AMD Athlon XP 2400+,1 GB,128 MB video card with DirectX 9.0c support,1.5 GB SSD,Windows 10,"technical.city, Steam Store, official game websites"
Empire Earth III,Intel Pentium 4 2.0 GHz / AMD Athlon XP 2000+,1 GB,128 MB video card with DirectX 9.0c support,6 GB,Windows XP/Vista,Intel Pentium 4 2.4 GHz / AMD Athlon XP 2400+,2 GB,256 MB video card with DirectX 9.0c support,6 GB SSD,Windows 10,"technical.city, Steam Store, official game websites"
Empires: Dawn of the Modern World,Intel Pentium 4 1.5 GHz / AMD Athlon XP 1500+,256 MB,32 MB video card with DirectX 8.1 support,1.5 GB,Windows 98/ME/2000/XP,Intel Pentium 4 2.0 GHz / AMD Athlon XP 2000+,512 MB,64 MB video card with DirectX 8.1 support,1.5 GB SSD,Windows 10,"technical.city, Steam Store, official game websites"
Empires: Dawn of the Modern World - Deluxe Edition,Intel Pentium 4 1.5 GHz / AMD Athlon XP 1500+,256 MB,32 MB video card with DirectX 8.1 support,1.5 GB,Windows 98/ME/2000/XP,Intel Pentium 4 2.0 GHz / AMD Athlon XP 2000+,512 MB,64 MB video card with DirectX 8.1 support,1.5 GB SSD,Windows 10,"technical.city, Steam Store, official game websites"
Empires: Dawn of the Modern World - Gold Edition,Intel Pentium 4 1.5 GHz / AMD Athlon XP 1500+,256 MB,32 MB video card with DirectX 8.1 support,1.5 GB,Windows 98/ME/2000/XP,Intel Pentium 4 2.0 GHz / AMD Athlon XP 2000+,512 MB,64 MB video card with DirectX 8.1 support,1.5 GB SSD,Windows 10,"technical.city, Steam Store, official game websites"
Empires: Dawn of the Modern World - Platinum Edition,Intel Pentium 4 1.5 GHz / AMD Athlon XP 1500+,256 MB,32 MB video card with DirectX 8.1 support,1.5 GB,Windows 98/ME/2000/XP,Intel Pentium 4 2.0 GHz / AMD Athlon XP 2000+,512 MB,64 MB video card with DirectX 8.1 support,1.5 GB SSD,Windows 10,"technical.city, Steam Store, official game websites"
Empires: Dawn of the Modern World - Complete Edition,Intel Pentium 4 1.5 GHz / AMD Athlon XP 1500+,256 MB,32 MB video card with DirectX 8.1 support,1.5 GB,Windows 98/ME/2000/XP,Intel Pentium 4 2.0 GHz / AMD Athlon XP 2000+,512 MB,64 MB video card with DirectX 8.1 support,1.5 GB SSD,Windows 10,"technical.city, Steam Store, official game websites"
Empires: Dawn of the Modern World - Ultimate Edition,Intel Pentium 4 1.5 GHz / AMD Athlon XP 1500+,256 MB,32 MB video card with DirectX 8.1 support,1.5 GB,Windows 98/ME/2000/XP,Intel Pentium 4 2.0 GHz / AMD Athlon XP 2000+,512 MB,64 MB video card with DirectX 8.1 support,1.5 GB SSD,Windows 10,"technical.city, Steam Store, official game websites"
Empires: Dawn of the Modern World - Collector's Edition,Intel Pentium 4 1.5 GHz / AMD Athlon XP 1500+,256 MB,32 MB video card with DirectX 8.1 support,1.5 GB,Windows 98/ME/2000/XP,Intel Pentium 4 2.0 GHz / AMD Athlon XP 2000+,512 MB,64 MB video card with DirectX 8.1 support,1.5 GB SSD,Windows 10,"technical.city, Steam Store, official game websites"
Empires: Dawn of the Modern World - Special Edition,Intel Pentium 4 1.5 GHz / AMD Athlon XP 1500+,256 MB,32 MB video card with DirectX 8.1 support,1.5 GB,Windows 98/ME/2000/XP,Intel Pentium 4 2.0 GHz / AMD Athlon XP 2000+,512 MB,64 MB video card with DirectX 8.1 support,1.5 GB SSD,Windows 10,"technical.city, Steam Store, official game websites"
Empires: Dawn of the Modern World - Limited Edition,Intel Pentium 4 1.5 GHz / AMD Athlon XP 1500+,256 MB,32 MB video card with DirectX 8.1 support,1.5 GB,Windows 98/ME/2000/XP,Intel Pentium 4 2.0 GHz / AMD Athlon XP 2000+,512 MB,64 MB video card with DirectX 8.1 support,1.5 GB SSD,Windows 10,"technical.city, Steam Store, official game websites"
Empires: Dawn of the Modern World - Standard Edition,Intel Pentium 4 1.5 GHz / AMD Athlon XP 1500+,256 MB,32 MB video card with DirectX 8.1 support,1.5 GB,Windows 98/ME/2000/XP,Intel Pentium 4 2.0 GHz / AMD Athlon XP 2000+,512 MB,64 MB video card with DirectX 8.1 support,1.5 GB SSD,Windows 10,"technical.city, Steam Store, official game websites"
Empires: Dawn of the Modern World - Digital Edition,Intel Pentium 4 1.5 GHz / AMD Athlon XP 1500+,256 MB,32 MB video card with DirectX 8.1 support,1.5 GB,Windows 98/ME/2000/XP,Intel Pentium 4 2.0 GHz / AMD Athlon XP 2000+,512 MB,64 MB video card with DirectX 8.1 support,1.5 GB SSD,Windows 10,"technical.city, Steam Store, official game websites"
Empires: Dawn of the Modern World - Physical Edition,Intel Pentium 4 1.5 GHz / AMD Athlon XP 1500+,256 MB,32 MB video card with DirectX 8.1 support,1.5 GB,Windows 98/ME/2000/XP,Intel Pentium 4 2.0 GHz / AMD Athlon XP 2000+,512 MB,64 MB video card with DirectX 8.1 support,1.5 GB SSD,Windows 10,"technical.city, Steam Store, official game websites"
Empires: Dawn of the Modern World - Download Edition,Intel Pentium 4 1.5 GHz / AMD Athlon XP 1500+,256 MB,32 MB video card with DirectX 8.1 support,1.5 GB,Windows 98/ME/2000/XP,Intel Pentium 4 2.0 GHz / AMD Athlon XP 2000+,512 MB,64 MB video card with DirectX 8.1 support,1.5 GB SSD,Windows 10,"technical.city, Steam Store, official game websites"
Empires: Dawn of the Modern World - Retail Edition,Intel Pentium 4 1.5 GHz / AMD Athlon XP 1500+,256 MB,32 MB video card with DirectX 8.1 support,1.5 GB,Windows 98/ME/2000/XP,Intel Pentium 4 2.0 GHz / AMD Athlon XP 2000+,512 MB,64 MB video card with DirectX 8.1 support,1.5 GB SSD,Windows 10,"technical.city, Steam Store, official game websites"
Empires: Dawn of the Modern World - OEM Edition,Intel Pentium 4 1.5 GHz / AMD Athlon XP 1500+,256 MB,32 MB video card with DirectX 8.1 support,1.5 GB,Windows 98/ME/2000/XP,Intel Pentium 4 2.0 GHz / AMD Athlon XP 2000+,512 MB,64 MB video card with DirectX 8.1 support,1.5 GB SSD,Windows 10,"technical.city, Steam Store, official game websites"
Empires: Dawn of the Modern World - Bundle Edition,Intel Pentium 4 1.5 GHz / AMD Athlon XP 1500+,256 MB,32 MB video card with DirectX 8.1 support,1.5 GB,Windows 98/ME/2000/XP,Intel Pentium 4 2.0 GHz / AMD Athlon XP 2000+,512 MB,64 MB video card with DirectX 8.1 support,1.5 GB SSD,Windows 10,"technical.city, Steam Store, official game websites"
Empires: Dawn of the Modern World - Value Edition,Intel Pentium 4 1.5 GHz / AMD Athlon XP 1500+,256 MB,32 MB video card with DirectX 8.1 support,1.5 GB,Windows 98/ME/2000/XP,Intel Pentium 4 2.0 GHz / AMD Athlon XP 2000+,512 MB,64 MB video card with DirectX 8.1 support,1.5 GB SSD,Windows 10,"technical.city, Steam Store, official game websites"
Empires: Dawn of the Modern World - Budget Edition,Intel Pentium 4 1.5 GHz / AMD Athlon XP 1500+,256 MB,32 MB video card with DirectX 8.1 support,1.5 GB,Windows 98/ME/2000/XP,Intel Pentium 4 2.0 GHz / AMD Athlon XP 2000+,512 MB,64 MB video card with DirectX 8.1 support,1.5 GB SSD,Windows 10,"technical.city, Steam Store, official game websites"
Empires: Dawn of the Modern World - Classic Edition,Intel Pentium 4 1.5 GHz / AMD Athlon XP 1500+,256 MB,32 MB video card with DirectX 8.1 support,1.5 GB,Windows 98/ME/2000/XP,Intel Pentium 4 2.0 GHz / AMD Athlon XP 2000+,512 MB,64 MB video card with DirectX 8.1 support,1.5 GB SSD,Windows 10,"technical.city, Steam Store, official game websites"
Empires: Dawn of the Modern World - Premium Edition,Intel Pentium 4 1.5 GHz / AMD Athlon XP 1500+,256 MB,32 MB video card with DirectX 8.1 support,1.5 GB,Windows 98/ME/2000/XP,Intel Pentium 4 2.0 GHz / AMD Athlon XP 2000+,512 MB,64 MB video card with DirectX 8.1 support,1.5 GB SSD,Windows 10,"technical.city, Steam Store, official game websites"
Empires: Dawn of the Modern World - Elite Edition,Intel Pentium 4 1.5 GHz / AMD Athlon XP 1500+,256 MB,32 MB video card with DirectX 8.1 support,1.5 GB,Windows 98/ME/2000/XP,Intel Pentium 4 2.0 GHz / AMD Athlon XP 2000+,512 MB,64 MB video card with DirectX 8.1 support,1.5 GB SSD,Windows 10,"technical.city, Steam Store, official game websites"
Empires: Dawn of the Modern World - Pro Edition,Intel Pentium 4 1.5 GHz / AMD Athlon XP 1500+,256 MB,32 MB video card with DirectX 8.1 support,1.5 GB,Windows 98/ME/2000/XP,Intel Pentium 4 2.0 GHz / AMD Athlon XP 2000+,512 MB,64 MB video card with DirectX 8.1 support,1.5 GB SSD,Windows 10,"technical.city, Steam Store, official game websites"
Empires: Dawn of the Modern World - Max Edition,Intel Pentium 4 1.5 GHz / AMD Athlon XP 1500+,256 MB,32 MB video card with DirectX 8.1 support,1.5 GB,Windows 98/ME/2000/XP,Intel Pentium 4 2.0 GHz / AMD Athlon XP 2000+,512 MB,64 MB video card with DirectX 8.1 support,1.5 GB SSD,Windows 10,"technical.city, Steam Store, official game websites"
Empires: Dawn of the Modern World - Ultra Edition,Intel Pentium 4 1.5 GHz / AMD Athlon XP 1500+,256 MB,32 MB video card with DirectX 8.1 support,1.5 GB,Windows 98/ME/2000/XP,Intel Pentium 4 2.0 GHz / AMD Athlon XP 2000+,512 MB,64 MB video card with DirectX 8.1 support,1.5 GB SSD,Windows 10,"technical.city, Steam Store, official game websites"
Empires: Dawn of the Modern World - Mega Edition,Intel Pentium 4 1.5 GHz / AMD Athlon XP 1500+,256 MB,32 MB video card with DirectX 8.1 support,1.5 GB,Windows 98/ME/2000/XP,Intel Pentium 4 2.0 GHz / AMD Athlon XP 2000+,512 MB,64 MB video card with DirectX 8.1 support,1.5 GB SSD,Windows 10,"technical.city, Steam Store, official game websites"
Empires: Dawn of the Modern World - Super Edition,Intel Pentium 4 1.5 GHz / AMD Athlon XP 1500+,256 MB,32 MB video card with DirectX 8.1 support,1.5 GB,Windows 98/ME/2000/XP,Intel Pentium 4 2.0 GHz / AMD Athlon XP 2000+,512 MB,64 MB video card with DirectX 8.1 support,1.5 GB SSD,Windows 10,"technical.city, Steam Store, official game websites"
Empires: Dawn of the Modern World - Hyper Edition,Intel Pentium 4 1.5 GHz / AMD Athlon XP 1500+,256 MB,32 MB video card with DirectX 8.1 support,1.5 GB,Windows 98/ME/2000/XP,Intel Pentium 4 2.0 GHz / AMD Athlon XP 2000+,512 MB,64 MB video card with DirectX 8.1 support,1.5 GB SSD,Windows 10,"technical.city, Steam Store, official game websites"
Empires: Dawn of the Modern World - Turbo Edition,Intel Pentium 4 1.5 GHz / AMD Athlon XP 1500+,256 MB,32 MB video card with DirectX 8.1 support,1.5 GB,Windows 98/ME/2000/XP,Intel Pentium 4 2.0 GHz / AMD Athlon XP 2000+,512 MB,64 MB video card with DirectX 8.1 support,1.5 GB SSD,Windows 10,"technical.city, Steam Store, official game websites"
Empires: Dawn of the Modern World - Extreme Edition,Intel Pentium 4 1.5 GHz / AMD Athlon XP 1500+,256 MB,32 MB video card with DirectX 8.1 support,1.5 GB,Windows 98/ME/2000/XP,Intel Pentium 4 2.0 GHz / AMD Athlon XP 2000+,512 MB,64 MB video card with DirectX 8.1 support,1.5 GB SSD,Windows 10,"technical.city, Steam Store, official game websites"
Empires: Dawn of the Modern World - Final Edition,Intel Pentium 4 1.5 GHz / AMD Athlon XP 1500+,256 MB,32 MB video card with DirectX 8.1 support,1.5 GB,Windows 98/ME/2000/XP,Intel Pentium 4 2.0 GHz / AMD Athlon XP 2000+,512 MB,64 MB video card with DirectX 8.1 support,1.5 GB SSD,Windows 10,"technical.city, Steam Store, official game websites"
Empires: Dawn of the Modern World - Definitive Edition,Intel Pentium 4 1.5 GHz / AMD Athlon XP 1500+,256 MB,32 MB video card with DirectX 8.1 support,1.5 GB,Windows 98/ME/2000/XP,Intel Pentium 4 2.0 GHz / AMD Athlon XP 2000+,512 MB,64 MB video card with DirectX 8.1 support,1.5 GB SSD,Windows 10,"technical.city, Steam Store, official game websites"
Empires: Dawn of the Modern World - Anniversary Edition,Intel Pentium 4 1.5 GHz / AMD Athlon XP 1500+,256 MB,32 MB video card with DirectX 8.1 support,1.5 GB,Windows 98/ME/2000/XP,Intel Pentium 4 2.0 GHz / AMD Athlon XP 2000+,512 MB,64 MB video card with DirectX 8.1 support,1.5 GB SSD,Windows 10,"technical.city, Steam Store, official game websites"
Empires: Dawn of the Modern World - Remastered Edition,Intel Pentium 4 1.5 GHz / AMD Athlon XP 1500+,256 MB,32 MB video card with DirectX 8.1 support,1.5 GB,Windows 98/ME/2000/XP,Intel Pentium 4 2.0 GHz / AMD Athlon XP 2000+,512 MB,64 MB video card with DirectX 8.1 support,1.5 GB SSD,Windows 10,"technical.city, Steam Store, official game websites"
Empires: Dawn of the Modern World - Enhanced Edition,Intel Pentium 4 1.5 GHz / AMD Athlon XP 1500+,256 MB,32 MB video card with DirectX 8.1 support,1.5 GB,Windows 98/ME/2000/XP,Intel Pentium 4 2.0 GHz / AMD Athlon XP 2000+,512 MB,64 MB video card with DirectX 8.1 support,1.5 GB SSD,Windows 10,"technical.city, Steam Store, official game websites"
Empires: Dawn of the Modern World - Improved Edition,Intel Pentium 4 1.5 GHz / AMD Athlon XP 1500+,256 MB,32 MB video card with DirectX 8.1 support,1.5 GB,Windows 98/ME/2000/XP,Intel Pentium 4 2.0 GHz / AMD Athlon XP 2000+,512 MB,64 MB video card with DirectX 8.1 support,1.5 GB SSD,Windows 10,"technical.city, Steam Store, official game websites"
Empires: Dawn of the Modern World - Updated Edition,Intel Pentium 4 1.5 GHz / AMD Athlon XP 1500+,256 MB,32 MB video card with DirectX 8.1 support,1.5 GB,Windows 98/ME/2000/XP,Intel Pentium 4 2.0 GHz / AMD Athlon XP 2000+,512 MB,64 MB video card with DirectX 8.1 support,1.5 GB SSD,Windows 10,"technical.city, Steam Store, official game websites"
Empires: Dawn of the Modern World - Revised Edition,Intel Pentium 4 1.5 GHz / AMD Athlon XP 1500+,256 MB,32 MB video card with DirectX 8.1 support,1.5 GB,Windows 98/ME/2000/XP,Intel Pentium 4 2.0 GHz / AMD Athlon XP 2000+,512 MB,64 MB video card with DirectX 8.1 support,1.5 GB SSD,Windows 10,"technical.city, Steam Store, official game websites"
Empires: Dawn of the Modern World - Expanded Edition,Intel Pentium 4 1.5 GHz / AMD Athlon XP 1500+,256 MB,32 MB video card with DirectX 8.1 support,1.5 GB,Windows 98/ME/2000/XP,Intel Pentium 4 2.0 GHz / AMD Athlon XP 2000+,512 MB,64 MB video card with DirectX 8.1 support,1.5 GB SSD,Windows 10,"technical.city, Steam Store, official game websites"
Empires: Dawn of the Modern World - Extended Edition,Intel Pentium 4 1.5 GHz / AMD Athlon XP 1500+,256 MB,32 MB video card with DirectX 8.1 support,1.5 GB,Windows 98/ME/2000/XP,Intel Pentium 4 2.0 GHz / AMD Athlon XP 2000+,512 MB,64 MB video card with DirectX 8.1 support,1.5 GB SSD,Windows 10,"technical.city, Steam Store, official game websites"
Empires: Dawn of the Modern World - Full Edition,Intel Pentium 4 1.5 GHz / AMD Athlon XP 1500+,256 MB,32 MB video card with DirectX 8.1 support,1.5 GB,Windows 98/ME/2000/XP,Intel Pentium 4 2.0 GHz / AMD Athlon XP 2000+,512 MB,64 MB video card with DirectX 8.1 support,1.5 GB SSD,Windows 10,"technical.city, Steam Store, official game websites"
Empires: Dawn of the Modern World - Total Edition,Intel Pentium 4 1.5 GHz / AMD Athlon XP 1500+,256 MB,32 MB video card with DirectX 8.1 support,1.5 GB,Windows 98/ME/2000/XP,Intel Pentium 4 2.0 GHz / AMD Athlon XP 2000+,512 MB,64 MB video card with DirectX 8.1 support,1.5 GB SSD,Windows 10,"technical.city, Steam Store, official game websites"
Empires: Dawn of the Modern World - Master Edition,Intel Pentium 4 1.5 GHz / AMD Athlon XP 1500+,256 MB,32 MB video card with DirectX 8.1 support,1.5 GB,Windows 98/ME/2000/XP,Intel Pentium 4 2.0 GHz / AMD Athlon XP 2000+,512 MB,64 MB video card with DirectX 8.1 support,1.5 GB SSD,Windows 10,"technical.city, Steam Store, official game websites"
Empires: Dawn of the Modern World - Grand Edition,Intel Pentium 4 1.5 GHz / AMD Athlon XP 1500+,256 MB,32 MB video card with DirectX 8.1 support,1.5 GB,Windows 98/ME/2000/XP,Intel Pentium 4 2.0 GHz / AMD Athlon XP 2000+,512 MB,64 MB video card with DirectX 8.1 support,1.5 GB SSD,Windows 10,"technical.city, Steam Store, official game websites"
Empires: Dawn of the Modern World - Supreme Edition,Intel Pentium 4 1.5 GHz / AMD Athlon XP 1500+,256 MB,32 MB video card with DirectX 8.1 support,1.5 GB,Windows 98/ME/2000/XP,Intel Pentium 4 2.0 GHz / AMD Athlon XP 2000+,512 MB,64 MB video card with DirectX 8.1 support,1.5 GB SSD,Windows 10,"technical.city, Steam Store, official game websites"
Empires: Dawn of the Modern World - Absolute Edition,Intel Pentium 4 1.5 GHz / AMD Athlon XP 1500+,256 MB,32 MB video card with DirectX 8.1 support,1.5 GB,Windows 98/ME/2000/XP,Intel Pentium 4 2.0 GHz / AMD Athlon XP 2000+,512 MB,64 MB video card with DirectX 8.1 support,1.5 GB SSD,Windows 10,"technical.city, Steam Store, official game websites"
Empires: Dawn of the Modern World - Perfect Edition,Intel Pentium 4 1.5 GHz / AMD Athlon XP 1500+,256 MB,32 MB video card with DirectX 8.1 support,1.5 GB,Windows 98/ME/2000/XP,Intel Pentium 4 2.0 GHz / AMD Athlon XP 2000+,512 MB,64 MB video card with DirectX 8.1 support,1.5 GB SSD,Windows 10,"technical.city, Steam Store, official game websites"
Empires: Dawn of the Modern World - Ideal Edition,Intel Pentium 4 1.5 GHz / AMD Athlon XP 1500+,256 MB,32 MB video card with DirectX 8.1 support,1.5 GB,Windows 98/ME/2000/XP,Intel Pentium 4 2.0 GHz / AMD Athlon XP 2000+,512 MB,64 MB video card with DirectX 8.1 support,1.5 GB SSD,Windows 10,"technical.city, Steam Store, official game websites"
Empires: Dawn of the Modern World - Optimal Edition,Intel Pentium 4 1.5 GHz / AMD Athlon XP 1500+,256 MB,32 MB video card with DirectX 8.1 support,1.5 GB,Windows 98/ME/2000/XP,Intel Pentium 4 2.0 GHz / AMD Athlon XP 2000+,512 MB,64 MB video card with DirectX 8.1 support,1.5 GB SSD,Windows 10,"technical.city, Steam Store, official game websites"
Empires: Dawn of the Modern World - Best Edition,Intel Pentium 4 1.5 GHz / AMD Athlon XP 1500+,256 MB,32 MB video card with DirectX 8.1 support,1.5 GB,Windows 98/ME/2000/XP,Intel Pentium 4 2.0 GHz / AMD Athlon XP 2000+,512 MB,64 MB video card with DirectX 8.1 support,1.5 GB SSD,Windows 10,"technical.city, Steam Store, official game websites"
Empires: Dawn of the Modern World - Top Edition,Intel Pentium 4 1.5 GHz / AMD Athlon XP 1500+,256 MB,32 MB video card with DirectX 8.1 support,1.5 GB,Windows 98/ME/2000/XP,Intel Pentium 4 2.0 GHz / AMD Athlon XP 2000+,512 MB,64 MB video card with DirectX 8.1 support,1.5 GB SSD,Windows 10,"technical.city, Steam Store, official game websites"
Empires: Dawn of the Modern World - Prime Edition,Intel Pentium 4 1.5 GHz / AMD Athlon XP 1500+,256 MB,32 MB video card with DirectX 8.1 support,1.5 GB,Windows 98/ME/2000/XP,Intel Pentium 4 2.0 GHz / AMD Athlon XP 2000+,512 MB,64 MB video card with DirectX 8.1 support,1.5 GB SSD,Windows 10,"technical.city, Steam Store, official game websites"
Empires: Dawn of the Modern World - Select Edition,Intel Pentium 4 1.5 GHz / AMD Athlon XP 1500+,256 MB,32 MB video card with DirectX 8.1 support,1.5 GB,Windows 98/ME/2000/XP,Intel Pentium 4 2.0 GHz / AMD Athlon XP 2000+,512 MB,64 MB video card with DirectX 8.1 support,1.5 GB SSD,Windows 10,"technical.city, Steam Store, official game websites"
Empires: Dawn of the Modern World - Choice Edition,Intel Pentium 4 1.5 GHz / AMD Athlon XP 1500+,256 MB,32 MB video card with DirectX 8.1 support,1.5 GB,Windows 98/ME/2000/XP,Intel Pentium 4 2.0 GHz / AMD Athlon XP 2000+,512 MB,64 MB video card with DirectX 8.1 support,1.5 GB SSD,Windows 10,"technical.city, Steam Store, official game websites"
Empires: Dawn of the Modern World - Pick Edition,Intel Pentium 4 1.5 GHz / AMD Athlon XP 1500+,256 MB,32 MB video card with DirectX 8.1 support,1.5 GB,Windows 98/ME/2000/XP,Intel Pentium 4 2.0 GHz / AMD Athlon XP 2000+,512 MB,64 MB video card with DirectX 8.1 support,1.5 GB SSD,Windows 10,"technical.city, Steam Store, official game websites"
Empires: Dawn of the Modern World - Favorite Edition,Intel Pentium 4 1.5 GHz / AMD Athlon XP 1500+,256 MB,32 MB video card with DirectX 8.1 support,1.5 GB,Windows 98/ME/2000/XP,Intel Pentium 4 2.0 GHz / AMD Athlon XP 2000+,512 MB,64 MB video card with DirectX 8.1 support,1.5 GB SSD,Windows 10,"technical.city, Steam Store, official game websites"
Empires: Dawn of the Modern World - Preferred Edition,Intel Pentium 4 1.5 GHz / AMD Athlon XP 1500+,256 MB,32 MB video card with DirectX 8.1 support,1.5 GB,Windows 98/ME/2000/XP,Intel Pentium 4 2.0 GHz / AMD Athlon XP 2000+,512 MB,64 MB video card with DirectX 8.1 support,1.5 GB SSD,Windows 10,"technical.city, Steam Store, official game websites"
Empires: Dawn of the Modern World - Recommended Edition,Intel Pentium 4 1.5 GHz / AMD Athlon XP 1500+,256 MB,32 MB video card with DirectX 8.1 support,1.5 GB,Windows 98/ME/2000/XP,Intel Pentium 4 2.0 GHz / AMD Athlon XP 2000+,512 MB,64 MB video card with DirectX 8.1 support,1.5 GB SSD,Windows 10,"technical.city, Steam Store, official game websites"
Empires: Dawn of the Modern World - Suggested Edition,Intel Pentium 4 1.5 GHz / AMD Athlon XP 1500+,256 MB,32 MB video card with DirectX 8.1 support,1.5 GB,Windows 98/ME/2000/XP,Intel Pentium 4 2.0 GHz / AMD Athlon XP 2000+,512 MB,64 MB video card with DirectX 8.1 support,1.5 GB SSD,Windows 10,"technical.city, Steam Store, official game websites"
